price,timestamp,block_number,feed,time_delta,price_delta
0.06388072190294578,2025-01-10 01:12:31,8267703,Api3,,
0.0645964319,2025-01-10 02:04:05,8269249,Api3,3094.0,1.120384954543252
0.06392,2025-01-10 02:15:59,8269607,Api3,714.0,-1.047166043237746
0.06461,2025-01-10 02:30:08,8270031,Api3,849.0,1.0794743429286546
0.06491,2025-01-10 04:11:43,8273046,Eoracle,,
0.064248,2025-01-10 04:30:44,8273617,Eoracle,1141.0,-1.0198736712370926
0.06491,2025-01-10 04:41:55,8273952,Eoracle,671.0,1.0303822687087516
0.06527,2025-01-10 04:50:17,8274236,Api3,8409.0,1.02151369757002
0.0656,2025-01-10 05:00:10,8274500,Eoracle,1095.0,1.0630103219843035
0.06595,2025-01-10 05:11:30,8274872,Api3,1273.0,1.0418262601501471
0.06626,2025-01-10 05:31:07,8275429,Eoracle,1857.0,1.006097560975605
0.06666,2025-01-10 05:36:09,8275612,Api3,1479.0,1.076573161485972
0.06694,2025-01-10 05:40:06,8275703,Eoracle,539.0,1.0262601871415589
0.06734,2025-01-10 05:53:37,8276136,Api3,1048.0,1.0201020102010183
0.06764,2025-01-10 05:58:40,8276255,Eoracle,1114.0,1.0457125784284482
0.06764,2025-01-10 06:00:00,8276295,Eoracle,80.0,0.0
0.06805,2025-01-10 06:41:30,8277574,Api3,2873.0,1.0543510543510548
0.06832,2025-01-10 06:46:50,8277700,Eoracle,2810.0,1.0053222945002993
0.06875,2025-01-10 06:57:47,8278060,Api3,977.0,1.0286554004408588
0.06903,2025-01-10 07:00:35,8278112,Eoracle,825.0,1.0392271662763353
0.06947,2025-01-10 07:29:54,8279024,Api3,1927.0,1.047272727272719
0.06973,2025-01-10 07:31:27,8279039,Eoracle,1852.0,1.0140518615094907
0.07022,2025-01-10 07:43:07,8279420,Api3,793.0,1.079602706204108
0.07043,2025-01-10 08:06:16,8280082,Eoracle,2089.0,1.0038720780152
0.069707,2025-01-10 09:02:46,8281778,Eoracle,3390.0,-1.0265511855743314
0.06951714073415569,2025-01-10 09:33:24,8282729,Api3,6617.0,-1.0009388576535438
0.06963,2025-01-10 12:00:03,8287097,Eoracle,10637.0,-0.1104623638946034
0.06889643528009452,2025-01-10 12:35:56,8288173,Eoracle,2153.0,-1.0535181960440565
0.06881655900000001,2025-01-10 12:43:25,8288429,Api3,11401.0,-1.007782723450612
0.06959,2025-01-10 13:09:05,8289167,Eoracle,1989.0,1.006677220796437
0.06970497967075903,2025-01-10 13:09:16,8289205,Api3,1551.0,1.290998392928966
0.06898,2025-01-10 13:29:59,8289827,Api3,1243.0,-1.0400686926290814
0.068884,2025-01-10 13:31:26,8289838,Eoracle,1341.0,-1.0145135795372906
0.06827541378366864,2025-01-10 13:33:12,8289923,Api3,193.0,-1.0214355122229124
0.06825221471765776,2025-01-10 13:33:14,8289925,Api3,2.0,-0.03397865311279835
0.06818466676810511,2025-01-10 13:35:57,8289973,Eoracle,271.0,-1.0152331918803936
0.06753751423914363,2025-01-10 13:37:22,8290051,Api3,248.0,-1.0471462083255
0.067314,2025-01-10 13:38:46,8290059,Eoracle,169.0,-1.2769245775831606
0.06799,2025-01-10 13:43:59,8290214,Eoracle,313.0,1.0042487446890735
0.0682703274862422,2025-01-10 13:45:49,8290301,Api3,507.0,1.0850462226130508
0.06754,2025-01-10 14:00:13,8290733,Api3,864.0,-1.0697582875801803
0.068227,2025-01-10 14:10:09,8291033,Api3,596.0,1.017175007403015
0.06867,2025-01-10 14:16:33,8291191,Eoracle,1954.0,1.0001470804530177
0.067944,2025-01-10 14:38:42,8291856,Eoracle,1329.0,-1.057230231542139
0.06863,2025-01-10 14:46:04,8292077,Eoracle,442.0,1.0096550100082258
0.067874,2025-01-10 14:50:02,8292196,Eoracle,238.0,-1.101559084948267
0.06752,2025-01-10 15:03:10,8292622,Api3,3181.0,-1.0362466472217724
0.06713,2025-01-10 15:09:22,8292776,Eoracle,1160.0,-1.0961487462062158
0.06781,2025-01-10 15:24:34,8293232,Eoracle,912.0,1.0129599284969482
0.06823,2025-01-10 15:42:06,8293790,Api3,2336.0,1.0515402843601862
0.06851,2025-01-10 15:47:52,8293931,Eoracle,1398.0,1.0322961215160076
0.06781,2025-01-10 16:07:58,8294534,Eoracle,1206.0,-1.0217486498321549
0.06754,2025-01-10 16:38:01,8295467,Api3,3355.0,-1.0112853583467585
0.06828,2025-01-10 17:29:22,8297009,Api3,3081.0,1.0956470239857685
0.06849,2025-01-10 17:39:07,8297268,Eoracle,5469.0,1.0028019466155502
0.06926,2025-01-10 17:49:15,8297577,Eoracle,608.0,1.1242517155789278
0.06901,2025-01-10 17:49:24,8297609,Api3,1202.0,1.069127123608693
0.06943,2025-01-10 18:00:00,8297896,Eoracle,645.0,0.24545192030032137
0.068681,2025-01-10 18:26:03,8298676,Eoracle,1563.0,-1.0787843871525316
0.068318073,2025-01-10 19:47:49,8301162,Api3,7105.0,-1.00264744239964
0.06794,2025-01-10 20:34:03,8302517,Eoracle,7680.0,-1.0789010061006743
0.06866,2025-01-10 21:49:12,8304771,Eoracle,4509.0,1.059758610538708
0.067942,2025-01-10 22:04:43,8305237,Eoracle,931.0,-1.0457325953976082
0.06863,2025-01-10 22:43:48,8306409,Eoracle,2345.0,1.0126284183568313
0.06832,2025-01-11 00:00:00,8308695,Eoracle,4572.0,-0.45169750837824596
0.067627,2025-01-11 01:48:53,8311961,Eoracle,6533.0,-1.014344262295086
0.067631,2025-01-11 01:49:08,8312003,Api3,21679.0,-1.005697277205131
0.06693,2025-01-11 05:17:48,8318261,Api3,12520.0,-1.0365069272966432
0.0676,2025-01-11 05:40:37,8318947,Api3,1369.0,1.0010458688181512
0.06742,2025-01-11 06:00:01,8319496,Eoracle,15068.0,-0.3060907625652698
0.06814,2025-01-11 10:02:45,8326777,Eoracle,14564.0,1.0679323642836192
0.06827896422520942,2025-01-11 10:48:49,8328192,Api3,18492.0,1.0043849485346534
0.068,2025-01-11 13:10:46,8332418,Eoracle,11281.0,-0.20545934840034974
0.067592952,2025-01-11 14:15:01,8334377,Api3,12372.0,-1.0047197302915922
0.067316,2025-01-11 17:14:07,8339719,Eoracle,14601.0,-1.0058823529411787
0.06759,2025-01-11 18:00:02,8341099,Eoracle,2755.0,0.4070354744785787
0.06828,2025-01-11 20:39:04,8345867,Eoracle,9542.0,1.0208610741233803
0.06828,2025-01-11 20:39:14,8345906,Api3,23053.0,1.0164491706176726
0.06903,2025-01-11 21:05:15,8346685,Api3,1561.0,1.0984182776801354
0.06907,2025-01-11 21:05:22,8346689,Api3,7.0,0.05794582065770104
0.06835466139165113,2025-01-11 23:04:36,8350266,Api3,7154.0,-1.0356719391181102
0.06797,2025-01-12 01:50:13,8355203,Eoracle,18669.0,-0.45401288810777984
0.06767000093673077,2025-01-12 03:33:01,8358318,Api3,16105.0,-1.001629502628154
0.06753,2025-01-12 06:00:01,8362696,Eoracle,14988.0,-0.6473444166544051
0.06699,2025-01-12 09:30:46,8369051,Api3,21465.0,-1.0048779774165406
0.06684,2025-01-12 09:35:06,8369148,Eoracle,12905.0,-1.0217681030653236
0.06753,2025-01-12 11:43:17,8372993,Eoracle,7691.0,1.0323159784560332
0.06753,2025-01-12 12:00:00,8373498,Eoracle,1003.0,0.0
0.06767,2025-01-12 12:25:46,8374300,Api3,10500.0,1.0150768771458374
0.06698,2025-01-12 13:00:32,8375343,Api3,2086.0,-1.0196542042263834
0.06685,2025-01-12 13:05:57,8375474,Eoracle,3957.0,-1.0069598696875515
0.06753,2025-01-12 13:21:24,8375937,Eoracle,927.0,1.0172026925953537
0.0676511500807839,2025-01-12 14:16:58,8377636,Api3,4586.0,1.002015647631982
0.06757200721149624,2025-01-12 18:00:00,8384295,Eoracle,16716.0,0.06220525913851471
0.06697249549606923,2025-01-12 20:52:26,8389500,Api3,23728.0,-1.0031678454900939
0.06684,2025-01-12 21:13:57,8390114,Eoracle,11637.0,-1.0832994929469875
0.0663,2025-01-12 22:08:49,8391793,Api3,4583.0,-1.00413683421533
0.066166,2025-01-12 22:11:29,8391840,Eoracle,3452.0,-1.0083782166367405
0.06686,2025-01-12 23:32:51,8394281,Eoracle,4882.0,1.0488770667714586
0.066966,2025-01-12 23:48:25,8394781,Api3,5976.0,1.0045248868778334
0.06700708270401896,2025-01-13 00:00:02,8395096,Eoracle,1631.0,0.2199860963490341
0.06771,2025-01-13 00:25:46,8395868,Eoracle,1544.0,1.0490193985700502
0.06764,2025-01-13 00:26:02,8395911,Api3,2257.0,1.006480900755613
0.06844,2025-01-13 00:28:43,8395968,Eoracle,177.0,1.0781273076355014
0.06833,2025-01-13 00:32:12,8396093,Api3,370.0,1.02010644588999
0.06763161448176423,2025-01-13 01:18:18,8397477,Api3,2766.0,-1.022077445098446
0.06761,2025-01-13 01:18:49,8397460,Eoracle,3006.0,-1.2127410870835686
0.06695469806185879,2025-01-13 02:24:29,8399461,Api3,3971.0,-1.000887565811348
0.06693,2025-01-13 02:26:15,8399483,Eoracle,4046.0,-1.0057683774589599
0.06628456349924788,2025-01-13 02:47:56,8400165,Api3,1407.0,-1.0008775814234538
0.06621,2025-01-13 02:49:40,8400185,Eoracle,1405.0,-1.0757507844016079
0.06691,2025-01-13 03:04:51,8400640,Eoracle,911.0,1.057242108442824
0.07581,2025-01-13 03:19:11,8401071,Eoracle,860.0,13.301449708563752
0.06808421734537069,2025-01-13 03:19:17,8401107,Api3,1881.0,2.715042162332759
0.06808421734537069,2025-01-13 03:19:18,8401107,Api3,1.0,0.0
0.08791,2025-01-13 03:19:21,8401078,Eoracle,10.0,15.960955019126754
0.06995888722598942,2025-01-13 03:19:23,8401112,Api3,5.0,2.75345734108845
0.07444679579999998,2025-01-13 03:19:28,8401112,Api3,5.0,6.415065693531097
0.08879,2025-01-13 03:19:35,8401085,Eoracle,14.0,1.0010237743146355
0.08645,2025-01-13 03:19:39,8401117,Api3,11.0,16.12319787710732
0.08645,2025-01-13 03:19:44,8401120,Api3,5.0,0.0
0.08834,2025-01-13 03:19:49,8401121,Api3,5.0,2.1862348178137703
0.08834,2025-01-13 03:19:50,8401122,Api3,1.0,0.0
0.08981,2025-01-13 03:19:52,8401091,Eoracle,17.0,1.1487780155422955
0.0851,2025-01-13 03:20:02,8401096,Eoracle,10.0,-5.2444048546932525
0.08212,2025-01-13 03:20:16,8401103,Eoracle,14.0,-3.501762632197414
0.08095,2025-01-13 03:20:28,8401109,Eoracle,12.0,-1.4247442766682994
0.08078,2025-01-13 03:20:46,8401156,Api3,56.0,-8.557844690966721
0.08009,2025-01-13 03:21:02,8401126,Eoracle,34.0,-1.0623841877702267
0.08098,2025-01-13 03:21:19,8401159,Eoracle,17.0,1.111249843925588
0.0795,2025-01-13 03:21:40,8401187,Api3,54.0,-1.5845506313443947
0.07877011146698543,2025-01-13 03:21:54,8401188,Api3,14.0,-0.9180987836661325
0.07953332659723299,2025-01-13 03:22:05,8401189,Api3,11.0,0.9689146251461667
0.078506057,2025-01-13 03:22:53,8401217,Api3,48.0,-1.2916215644231843
0.07980138066876884,2025-01-13 03:23:40,8401240,Api3,47.0,1.6499665354086313
0.08111222384497195,2025-01-13 03:24:12,8401292,Api3,32.0,1.6426322016207084
0.07913585563309698,2025-01-13 03:24:25,8401227,Eoracle,186.0,-2.2772837329007367
0.080234,2025-01-13 03:25:35,8401265,Eoracle,70.0,1.3876697966019647
0.07913585563309698,2025-01-13 03:25:49,8401270,Eoracle,14.0,-1.3686770781751068
0.07928349361020316,2025-01-13 03:26:02,8401312,Api3,110.0,-2.2545679899789173
0.079002207,2025-01-13 03:26:14,8401316,Api3,12.0,-0.3547858417870753
0.078039961,2025-01-13 03:27:25,8401446,Api3,71.0,-1.2179988845121725
0.08028,2025-01-13 03:28:09,8401372,Eoracle,140.0,1.4457976826682595
0.078942852,2025-01-13 03:31:08,8401469,Api3,223.0,1.1569598298492023
0.078271,2025-01-13 03:33:47,8401509,Eoracle,338.0,-2.5024912805182042
0.077961,2025-01-13 03:34:12,8401553,Api3,184.0,-1.243750352470152
0.0774,2025-01-13 03:37:30,8401627,Eoracle,223.0,-1.1128003986150659
0.07717,2025-01-13 03:38:13,8401674,Api3,241.0,-1.0146098690370864
0.07623988391202192,2025-01-13 03:45:55,8401905,Api3,462.0,-1.2052819592822006
0.076508,2025-01-13 03:46:10,8401880,Eoracle,520.0,-1.1524547803617446
0.07572,2025-01-13 03:49:08,8401969,Eoracle,178.0,-1.0299576514874453
0.07547375519999998,2025-01-13 03:49:49,8402021,Api3,234.0,-1.0048922856519926
0.07655,2025-01-13 03:51:21,8402036,Eoracle,133.0,1.0961436872688912
0.076237249,2025-01-13 03:55:40,8402197,Api3,351.0,1.0116017123791288
0.075773,2025-01-13 04:00:50,8402324,Eoracle,569.0,-1.0150228608752587
0.07698,2025-01-13 04:02:40,8402375,Eoracle,110.0,1.5929156823670798
0.076169,2025-01-13 04:13:56,8402713,Eoracle,676.0,-1.053520394907781
0.07545363021244142,2025-01-13 04:54:45,8403970,Api3,3545.0,-1.0278686571686069
0.07532,2025-01-13 04:56:30,8403990,Eoracle,2554.0,-1.1146266853969466
0.07459,2025-01-13 05:02:13,8404193,Api3,448.0,-1.144584044544772
0.074557,2025-01-13 05:04:15,8404222,Eoracle,465.0,-1.0130111524163543
0.07539,2025-01-13 05:11:49,8404450,Eoracle,454.0,1.117265984414617
0.07463,2025-01-13 05:19:41,8404685,Eoracle,472.0,-1.0080912587876356
0.07379,2025-01-13 05:34:53,8405175,Api3,1960.0,-1.072529829735902
0.0738468364367394,2025-01-13 05:34:57,8405145,Eoracle,916.0,-1.0493951001750101
0.072962068,2025-01-13 05:45:35,8405499,Api3,642.0,-1.122011112616872
0.073104,2025-01-13 05:50:06,8405598,Eoracle,909.0,-1.0059150433285535
0.0732,2025-01-13 06:00:00,8405896,Eoracle,594.0,0.13131976362441566
0.07404,2025-01-13 06:11:56,8406253,Eoracle,716.0,1.147540983606543
0.073225,2025-01-13 06:18:36,8406453,Eoracle,400.0,-1.10075634792004
0.07221623870851329,2025-01-13 06:30:30,8406842,Api3,2695.0,-1.0222151207209706
0.072462,2025-01-13 06:31:36,8406843,Eoracle,780.0,-1.0419938545578655
0.07173,2025-01-13 06:42:33,8407172,Eoracle,657.0,-1.010184648505419
0.07138353155185802,2025-01-13 06:48:38,8407385,Api3,1088.0,-1.1530746706655992
0.07044,2025-01-13 07:05:41,8407898,Api3,1023.0,-1.3217776304224604
0.06957,2025-01-13 07:05:58,8407906,Api3,17.0,-1.235093696763201
0.071012,2025-01-13 07:06:36,8407893,Eoracle,1443.0,-1.0009758817788872
0.070072,2025-01-13 07:07:36,8407924,Eoracle,60.0,-1.3237199346589401
0.0703,2025-01-13 07:09:18,8408010,Api3,200.0,1.0493028604283472
0.0708,2025-01-13 07:09:58,8407996,Eoracle,142.0,1.0389313848612858
0.07004,2025-01-13 07:10:16,8408007,Eoracle,18.0,-1.0734463276836137
0.07082,2025-01-13 07:18:50,8408260,Eoracle,514.0,1.1136493432324146
0.07163,2025-01-13 07:20:41,8408316,Eoracle,111.0,1.1437447048856297
0.07125151211253679,2025-01-13 07:21:19,8408367,Api3,721.0,1.3535022937934293
0.0724,2025-01-13 07:23:38,8408404,Eoracle,177.0,1.0749685885802052
0.0722,2025-01-13 07:24:13,8408455,Api3,174.0,1.3311828189205954
0.072498556,2025-01-13 07:24:18,8408456,Api3,5.0,0.41351246537397746
0.07161848542760041,2025-01-13 07:26:02,8408476,Eoracle,144.0,-1.0794400171265206
0.07142140573317649,2025-01-13 07:26:08,8408510,Api3,110.0,-1.485754098086478
0.07246,2025-01-13 07:31:53,8408651,Eoracle,351.0,1.1749963258442353
0.07215668,2025-01-13 07:32:53,8408725,Api3,405.0,1.0294872514417186
0.07173,2025-01-13 07:46:28,8409089,Eoracle,875.0,-1.0074523875241437
0.07137928469999999,2025-01-13 07:48:54,8409194,Api3,961.0,-1.0773712149727666
0.0727,2025-01-13 08:03:09,8409589,Eoracle,1001.0,1.3522933221803868
0.07226599355006874,2025-01-13 08:03:11,8409622,Api3,857.0,1.2422495599325512
0.07196,2025-01-13 08:09:47,8409788,Eoracle,398.0,-1.0178817056396228
0.07276,2025-01-13 08:19:26,8410081,Eoracle,579.0,1.1117287381879004
0.07198,2025-01-13 08:23:42,8410206,Eoracle,256.0,-1.0720175920835628
0.07153,2025-01-13 08:28:31,8410382,Api3,1520.0,-1.0184507455208824
0.07124,2025-01-13 08:44:50,8410840,Eoracle,1268.0,-1.028063350930819
0.0707881168277938,2025-01-13 08:48:48,8410990,Api3,1217.0,-1.037163668679142
0.07052,2025-01-13 09:10:42,8411616,Eoracle,1552.0,-1.0106681639528325
0.07007709873719205,2025-01-13 09:19:43,8411918,Api3,1855.0,-1.0044314250249764
0.069814,2025-01-13 09:59:07,8413069,Eoracle,2905.0,-1.0011344299489466
0.06926,2025-01-13 10:22:39,8413813,Api3,3776.0,-1.165999665962747
0.069106,2025-01-13 10:25:37,8413864,Eoracle,1590.0,-1.0141232417566703
0.06845,2025-01-13 11:11:10,8415263,Api3,2911.0,-1.1695062084897567
0.068297,2025-01-13 11:14:37,8415334,Eoracle,2940.0,-1.1706653546725398
0.0677440416,2025-01-13 11:28:20,8415778,Api3,1030.0,-1.0313490138787462
0.06843,2025-01-13 11:52:15,8416495,Api3,1435.0,1.0125737759348663
0.06821,2025-01-13 12:00:00,8416695,Eoracle,2723.0,-0.12738480460340318
0.06772893019583821,2025-01-13 12:05:17,8416887,Api3,782.0,-1.024506509077583
0.06843,2025-01-13 12:07:58,8416966,Api3,161.0,1.0351112916366034
0.06895,2025-01-13 12:10:30,8417010,Eoracle,630.0,1.08488491423544
0.06916065020467058,2025-01-13 12:11:00,8417058,Api3,182.0,1.0677337493359307
0.06843,2025-01-13 12:25:09,8417483,Api3,849.0,-1.0564536373043332
0.068248,2025-01-13 12:37:38,8417824,Eoracle,1628.0,-1.0181290790427733
0.06896,2025-01-13 13:16:20,8418985,Eoracle,2322.0,1.0432540147696567
0.06912735003245696,2025-01-13 13:17:49,8419062,Api3,3160.0,1.0190706305084785
0.0684128896,2025-01-13 13:31:02,8419459,Api3,793.0,-1.033542341955107
0.068233,2025-01-13 14:30:06,8421198,Eoracle,4426.0,-1.0542343387470843
0.06759,2025-01-13 14:33:43,8421345,Api3,3761.0,-1.2028283044486443
0.06682246171105256,2025-01-13 14:35:26,8421405,Api3,103.0,-1.1355796551966724
0.067524,2025-01-13 14:36:01,8421389,Eoracle,355.0,-1.0390866589480185
0.0675138987544759,2025-01-13 14:51:19,8421867,Api3,953.0,1.0347374606059612
0.06830903669008485,2025-01-13 15:01:27,8422138,Eoracle,1526.0,1.1626039483514816
0.06826720438893262,2025-01-13 15:02:39,8422207,Api3,680.0,1.115778600190498
0.06758,2025-01-13 15:15:27,8422591,Api3,768.0,-1.006639125014508
0.06762,2025-01-13 15:30:23,8423007,Eoracle,1736.0,-1.0087050315333634
0.06831,2025-01-13 15:41:30,8423340,Eoracle,667.0,1.0204081632652962
0.068272009027,2025-01-13 15:41:51,8423383,Api3,1584.0,1.0239849467297946
0.06907,2025-01-13 15:49:10,8423570,Eoracle,460.0,1.112575025618523
0.06899,2025-01-13 15:50:31,8423643,Api3,520.0,1.0516622891763028
0.068182683,2025-01-13 16:01:20,8423967,Api3,649.0,-1.170194231047983
0.06829,2025-01-13 16:02:41,8423976,Eoracle,811.0,-1.1292891269726435
0.06755367684060526,2025-01-13 16:16:57,8424404,Eoracle,856.0,-1.0782298424289682
0.0674923168,2025-01-13 16:17:28,8424450,Api3,968.0,-1.0125242504757437
0.06674,2025-01-13 17:53:13,8427324,Api3,5745.0,-1.1146702849590184
0.066794,2025-01-13 17:53:51,8427311,Eoracle,5814.0,-1.1245529127862697
0.066775,2025-01-13 18:00:04,8427497,Eoracle,373.0,-0.028445668772647537
0.06741,2025-01-13 20:38:16,8432276,Api3,9903.0,1.0038957147138206
0.0675,2025-01-13 20:38:18,8432245,Eoracle,9494.0,1.085735679520794
0.06819,2025-01-13 20:45:18,8432454,Eoracle,420.0,1.0222222222222133
0.06842,2025-01-13 20:45:56,8432507,Api3,460.0,1.4982940216585083
0.06891,2025-01-13 21:13:02,8433286,Eoracle,1664.0,1.055873295204579
0.06912,2025-01-13 21:25:40,8433696,Api3,2384.0,1.0230926629640535
0.06962,2025-01-13 22:24:27,8435428,Eoracle,4285.0,1.0303294151792208
0.06958,2025-01-14 00:00:01,8438296,Eoracle,5734.0,-0.05745475438092562
0.068858,2025-01-14 00:17:50,8438830,Eoracle,1069.0,-1.0376544984190827
0.06840187407113454,2025-01-14 00:50:08,8439833,Api3,12268.0,-1.0389553369002602
0.068136,2025-01-14 01:48:50,8441560,Eoracle,5460.0,-1.0485346655435879
0.06882,2025-01-14 02:11:48,8442249,Eoracle,1378.0,1.0038746037337232
0.06919849901232153,2025-01-14 02:31:46,8442881,Api3,6098.0,1.1646244375680848
0.06951,2025-01-14 02:38:28,8443049,Eoracle,1600.0,1.002615518744543
0.07023,2025-01-14 03:15:23,8444159,Eoracle,2215.0,1.0358221838584258
0.06993685,2025-01-14 03:15:30,8444193,Api3,2624.0,1.067004340003086
0.07065,2025-01-14 04:12:59,8445917,Api3,3449.0,1.0197056344402267
0.06993980915863107,2025-01-14 05:21:49,8447981,Api3,4130.0,-1.0052241208335921
0.069508,2025-01-14 05:35:22,8448356,Eoracle,8399.0,-1.028050690588067
0.0692260626,2025-01-14 05:52:28,8448901,Api3,1839.0,-1.0205154506673253
0.06923,2025-01-14 06:00:02,8449096,Eoracle,1480.0,-0.3999539621338588
0.06852,2025-01-14 08:09:42,8453017,Api3,8234.0,-1.0199375401136912
0.068449,2025-01-14 08:20:48,8453319,Eoracle,8446.0,-1.1281236458182908
0.06914,2025-01-14 09:22:39,8455176,Eoracle,3711.0,1.009510730616947
0.06921,2025-01-14 09:26:47,8455329,Api3,4625.0,1.0070052539404406
0.06986,2025-01-14 09:51:57,8456053,Eoracle,1758.0,1.041365345675449
0.06915,2025-01-14 10:10:41,8456616,Eoracle,1124.0,-1.0163183509876883
0.0685,2025-01-14 11:09:30,8458414,Api3,6163.0,-1.0258633145499019
0.06850000000000002,2025-01-14 11:09:41,8458418,Api3,11.0,2.220446049250313e-14
0.06844,2025-01-14 11:15:01,8458545,Eoracle,3860.0,-1.026753434562544
0.0683,2025-01-14 12:00:01,8459895,Eoracle,2700.0,-0.20455873758036258
0.0678054016,2025-01-14 12:16:13,8460413,Api3,3992.0,-1.0140122627737558
0.067559,2025-01-14 12:23:20,8460595,Eoracle,1399.0,-1.0849194729136258
0.06824,2025-01-14 13:48:26,8463148,Eoracle,5106.0,1.0080078153909877
0.068492487,2025-01-14 14:38:22,8464678,Api3,8529.0,1.0133195642041626
0.06780608427201322,2025-01-14 16:04:40,8467267,Api3,5178.0,-1.0021576935683285
0.06849,2025-01-14 17:17:44,8469459,Api3,4384.0,1.00863474912245
0.06864,2025-01-14 18:00:02,8470696,Eoracle,15096.0,0.5861664712778492
0.06918,2025-01-14 21:07:10,8476343,Api3,13766.0,1.0074463425317814
0.06934,2025-01-14 21:07:50,8476330,Eoracle,11268.0,1.019813519813506
0.06873,2025-01-15 00:00:01,8481498,Eoracle,10331.0,-0.879723103547736
0.06840915384335193,2025-01-15 00:36:34,8482624,Api3,12564.0,-1.1142615736456696
0.068003,2025-01-15 02:02:40,8485175,Eoracle,7359.0,-1.057762258111461
0.067714,2025-01-15 02:31:14,8486064,Api3,6880.0,-1.0161707962997868
0.06732066937475692,2025-01-15 02:45:09,8486450,Eoracle,2549.0,-1.0033831231608503
0.0669958147,2025-01-15 03:04:42,8487068,Api3,2008.0,-1.0606156777032694
0.06664,2025-01-15 03:21:41,8487545,Eoracle,2192.0,-1.0110852745206733
0.06733,2025-01-15 03:56:58,8488604,Eoracle,2117.0,1.0354141656662597
0.06773,2025-01-15 05:45:16,8491885,Api3,9634.0,1.095867410953355
0.0677,2025-01-15 06:00:00,8492295,Eoracle,7382.0,0.5495321550571752
0.06702,2025-01-15 06:27:34,8493154,Api3,2538.0,-1.0482799350361782
0.06702,2025-01-15 06:29:29,8493180,Eoracle,1769.0,-1.004431314623333
0.06773,2025-01-15 07:17:31,8494620,Eoracle,2882.0,1.0593852581318952
0.06772,2025-01-15 07:18:30,8494684,Api3,3056.0,1.0444643390032926
0.06842,2025-01-15 07:57:14,8495812,Eoracle,2383.0,1.0187509227816305
0.06841,2025-01-15 07:57:40,8495857,Api3,2350.0,1.0189013585351292
0.0677083264,2025-01-15 09:30:51,8498653,Api3,5591.0,-1.0256886420113909
0.067719,2025-01-15 09:36:37,8498794,Eoracle,5963.0,-1.0245542239111227
0.0670151952,2025-01-15 09:48:49,8499193,Api3,1078.0,-1.0237015694424256
0.067036,2025-01-15 09:51:37,8499244,Eoracle,900.0,-1.0085795714644408
0.06775,2025-01-15 10:07:05,8499708,Eoracle,928.0,1.0650993496032157
0.067687961,2025-01-15 10:26:26,8500321,Api3,2257.0,1.0039003810885072
0.0685,2025-01-15 11:00:24,8501307,Eoracle,3199.0,1.1070110701107083
0.0684046809,2025-01-15 11:00:34,8501345,Api3,2048.0,1.0588587533313376
0.0678,2025-01-15 11:41:08,8502529,Eoracle,2444.0,-1.0218978102189857
0.06802,2025-01-15 12:00:02,8503096,Eoracle,1134.0,0.3244837758112018
0.06772,2025-01-15 12:16:18,8503617,Api3,4544.0,-1.0009269701892531
0.06863734219999999,2025-01-15 13:30:28,8505842,Api3,4450.0,1.3546104548139315
0.06913,2025-01-15 13:31:01,8505826,Eoracle,5459.0,1.631872978535731
0.06936537421741884,2025-01-15 13:31:21,8505867,Api3,53.0,1.0606937770076597
0.06986,2025-01-15 13:47:46,8506328,Eoracle,1005.0,1.0559814841602844
0.0700666062609535,2025-01-15 14:01:12,8506763,Api3,1791.0,1.010925193507517
0.06934987983094555,2025-01-15 14:18:28,8507282,Api3,1036.0,-1.0229215717093454
0.07011,2025-01-15 15:01:02,8508558,Api3,2554.0,1.0960655893094584
0.06939874517325238,2025-01-15 17:51:26,8513671,Api3,10224.0,-1.0144841345708477
0.069152,2025-01-15 17:57:03,8513807,Eoracle,14957.0,-1.013455482393355
0.069207,2025-01-15 18:00:01,8513896,Eoracle,178.0,0.07953493752892449
0.0699,2025-01-15 18:22:15,8514563,Eoracle,1334.0,1.001343794702847
0.07011,2025-01-15 18:49:59,8515426,Api3,3513.0,1.024881393708199
0.0706,2025-01-15 18:54:46,8515538,Eoracle,1951.0,1.0014306151645114
0.07082,2025-01-15 19:48:42,8517189,Api3,3523.0,1.0126943374696662
0.07131,2025-01-15 20:00:08,8517499,Eoracle,3922.0,1.0056657223796117
0.07157,2025-01-15 20:03:08,8517623,Api3,866.0,1.0590228748941
0.07205,2025-01-15 20:03:09,8517590,Eoracle,181.0,1.0377226195484646
0.07288,2025-01-15 20:03:32,8517601,Eoracle,23.0,1.1519777931991548
0.07253962375319731,2025-01-15 20:03:40,8517637,Api3,32.0,1.3547907687541105
0.07215,2025-01-15 20:05:03,8517647,Eoracle,91.0,-1.0016465422612475
0.07289,2025-01-15 20:18:46,8518058,Eoracle,823.0,1.025641025641022
0.07216,2025-01-15 20:44:41,8518835,Eoracle,1555.0,-1.0015091233365303
0.07181,2025-01-15 21:41:01,8520557,Api3,5841.0,-1.0058278709574209
0.07253,2025-01-15 23:28:21,8523779,Api3,6440.0,1.0026458710485908
0.0723,2025-01-16 00:00:03,8524697,Eoracle,11722.0,0.1940133037694025
0.07175,2025-01-16 00:09:43,8525026,Api3,2482.0,-1.0754170687991227
0.071572,2025-01-16 00:13:44,8525110,Eoracle,821.0,-1.0069156293222803
0.071,2025-01-16 00:22:40,8525408,Api3,777.0,-1.0452961672473893
0.07085,2025-01-16 00:32:44,8525677,Eoracle,1140.0,-1.008774381042865
0.07023,2025-01-16 00:38:56,8525896,Api3,976.0,-1.084507042253513
0.070101,2025-01-16 02:55:12,8529951,Eoracle,8548.0,-1.0571630204657678
0.06948,2025-01-16 03:33:55,8531147,Api3,10499.0,-1.0679196924391343
0.07018,2025-01-16 04:10:57,8532256,Api3,2222.0,1.0074841681059432
0.07011,2025-01-16 06:00:02,8535496,Eoracle,11090.0,0.012838618564647852
0.07082,2025-01-16 06:48:16,8536943,Eoracle,2894.0,1.0126943374696662
0.070882991,2025-01-16 06:50:12,8537032,Api3,9555.0,1.0016970646907986
0.07017,2025-01-16 08:21:23,8539768,Api3,5471.0,-1.0058703645843714
0.070068,2025-01-16 08:24:11,8539821,Eoracle,5755.0,-1.0618469358937954
0.069414833331976,2025-01-16 08:43:24,8540428,Api3,1321.0,-1.0761959071169946
0.06932,2025-01-16 08:46:12,8540481,Eoracle,1321.0,-1.0675343951589866
0.0691669621634997,2025-01-16 09:30:44,8541817,Eoracle,2672.0,-0.22077010458786406
0.06987,2025-01-16 11:12:43,8544877,Eoracle,6119.0,1.01643590308107
0.070139724,2025-01-16 11:50:54,8546054,Api3,11250.0,1.0442878463126526
0.07035,2025-01-16 12:00:01,8546296,Eoracle,2838.0,0.6869901245169618
0.070847338,2025-01-16 12:58:35,8548086,Api3,4061.0,1.008863393873627
0.07013,2025-01-16 13:12:48,8548511,Api3,853.0,-1.0125122838066214
0.06951,2025-01-16 14:45:48,8551270,Eoracle,9947.0,-1.1940298507462588
0.0694029223,2025-01-16 14:47:08,8551347,Api3,5660.0,-1.0367570226721745
0.07014,2025-01-16 15:22:35,8552407,Api3,2127.0,1.062026893930934
0.07023,2025-01-16 15:22:37,8552373,Eoracle,2209.0,1.0358221838584258
0.07096,2025-01-16 15:59:06,8553468,Eoracle,2189.0,1.0394418339740863
0.07089,2025-01-16 15:59:24,8553510,Api3,2209.0,1.0692899914456877
0.07169,2025-01-16 16:07:47,8553728,Eoracle,521.0,1.0287485907553684
0.07162,2025-01-16 16:07:56,8553766,Api3,512.0,1.0297644237551307
0.07092,2025-01-16 16:18:45,8554058,Eoracle,658.0,-1.0740689077974652
0.07163,2025-01-16 16:57:59,8555235,Eoracle,2354.0,1.001128031584897
0.07236,2025-01-16 17:38:05,8556437,Eoracle,2406.0,1.0191260644980993
0.0720579824957931,2025-01-16 18:00:03,8557097,Eoracle,1318.0,-0.41738184660986555
0.072395,2025-01-16 19:41:03,8560158,Api3,12787.0,1.0820999720748459
0.071647,2025-01-16 21:05:12,8562683,Api3,5049.0,-1.0332205262794325
0.07121,2025-01-16 21:22:46,8563178,Eoracle,12163.0,-1.17680577005137
0.07092886902453249,2025-01-16 22:07:35,8564555,Api3,3743.0,-1.0023182763653882
0.07049,2025-01-16 22:33:47,8565309,Eoracle,4261.0,-1.0110939474792802
0.069856026,2025-01-16 22:35:04,8565379,Api3,1649.0,-1.51256186555212
0.07017,2025-01-17 00:00:04,8567897,Eoracle,5177.0,-0.4539651014328294
0.07056,2025-01-17 00:14:01,8568348,Api3,5937.0,1.007749853963924
0.07088,2025-01-17 01:06:02,8569876,Eoracle,3958.0,1.0118284167022873
0.07128,2025-01-17 01:35:07,8570780,Api3,4866.0,1.0204081632652962
0.0716,2025-01-17 01:36:54,8570802,Eoracle,1852.0,1.0158013544018019
0.070882,2025-01-17 03:15:42,8573766,Eoracle,5928.0,-1.002793296089377
0.07056097460520508,2025-01-17 03:39:26,8574512,Api3,7459.0,-1.0087337188480872
0.070149,2025-01-17 03:58:43,8575056,Eoracle,2581.0,-1.0341130329279635
0.0705,2025-01-17 06:00:00,8578695,Eoracle,7277.0,0.5003635119531058
0.07121,2025-01-17 07:24:02,8581216,Eoracle,5042.0,1.0070921985815717
0.071269965,2025-01-17 07:28:20,8581378,Api3,13734.0,1.0047911026765055
0.07193,2025-01-17 07:44:43,8581836,Eoracle,1241.0,1.0110939474792913
0.07199,2025-01-17 08:01:56,8582385,Api3,2016.0,1.0102923440470146
0.07265,2025-01-17 08:31:19,8583235,Eoracle,2796.0,1.0009731683581435
0.07281,2025-01-17 08:34:26,8583360,Api3,1950.0,1.1390470898736016
0.07338,2025-01-17 09:50:28,8585609,Eoracle,4749.0,1.0048176187198887
0.0735419095,2025-01-17 10:10:12,8586232,Api3,5746.0,1.0052321109737639
0.07416,2025-01-17 10:13:43,8586309,Eoracle,1395.0,1.0629599345870933
0.073411,2025-01-17 11:56:15,8589383,Eoracle,6152.0,-1.0099784250269694
0.07343,2025-01-17 12:00:03,8589497,Eoracle,228.0,0.02588167985722034
0.072777455,2025-01-17 12:37:49,8590661,Api3,8857.0,-1.0394814401711971
0.072689,2025-01-17 14:22:15,8593762,Eoracle,8532.0,-1.009124336102396
0.07204,2025-01-17 17:37:29,8599651,Api3,17980.0,-1.013301440672798
0.071944,2025-01-17 17:52:18,8600064,Eoracle,12603.0,-1.0249143611825828
0.071918,2025-01-17 18:00:03,8600297,Eoracle,465.0,-0.03613921939286113
0.07269,2025-01-17 19:19:08,8602669,Eoracle,4745.0,1.0734447565282856
0.07276071558249858,2025-01-17 20:19:15,8604506,Api3,9706.0,1.0004380656559952
0.07348,2025-01-17 20:30:08,8604813,Eoracle,4260.0,1.0868069885816567
0.07350244117768776,2025-01-17 20:30:35,8604848,Api3,680.0,1.0194039314362913
0.07424,2025-01-17 21:19:46,8606288,Eoracle,2978.0,1.0342950462710832
0.07458505047911514,2025-01-17 21:21:30,8606372,Api3,3055.0,1.4728889055674266
0.07383,2025-01-17 21:47:22,8607148,Api3,1552.0,-1.0123348771166385
0.073478,2025-01-17 23:55:08,8610949,Eoracle,9322.0,-1.0264008620689657
0.07332659564221947,2025-01-18 00:05:59,8611276,Eoracle,651.0,-0.20605399953800285
0.0730555605,2025-01-18 01:08:24,8613180,Api3,12062.0,-1.0489496139780563
0.072559,2025-01-18 01:46:38,8614294,Eoracle,6039.0,-1.0468175093860554
0.072312841,2025-01-18 02:55:35,8616394,Api3,6431.0,-1.016650197352198
0.071746,2025-01-18 03:23:39,8617205,Eoracle,5821.0,-1.120467481635623
0.07155,2025-01-18 03:27:19,8617347,Api3,1904.0,-1.0549177565848944
0.071,2025-01-18 03:40:09,8617699,Eoracle,990.0,-1.0397792211412682
0.07082,2025-01-18 03:40:55,8617758,Api3,816.0,-1.020265548567445
0.070278,2025-01-18 04:26:34,8619092,Eoracle,2785.0,-1.01690140845071
0.070028985,2025-01-18 04:49:35,8619815,Api3,4120.0,-1.1169373058457999
0.06953,2025-01-18 05:16:05,8620578,Eoracle,2971.0,-1.0643444605708763
0.06931167194422108,2025-01-18 05:32:08,8621092,Api3,2553.0,-1.0243087998189848
0.06854,2025-01-18 05:55:44,8621799,Api3,1416.0,-1.1133362139093772
0.068746,2025-01-18 05:56:05,8621777,Eoracle,2400.0,-1.1275708327340594
0.0684,2025-01-18 06:00:03,8621897,Eoracle,238.0,-0.5033020102987784
0.06911,2025-01-18 06:06:24,8622087,Eoracle,381.0,1.0380116959064267
0.06935833442815681,2025-01-18 06:18:01,8622469,Api3,1337.0,1.193951602213028
0.06983,2025-01-18 07:00:38,8623714,Eoracle,3254.0,1.0418173925625718
0.07006,2025-01-18 07:22:03,8624388,Api3,3842.0,1.0116528570477623
0.07055,2025-01-18 07:34:56,8624743,Eoracle,2058.0,1.0310754689961232
0.07077,2025-01-18 07:40:33,8624943,Api3,1110.0,1.0134170710819346
0.06998,2025-01-18 08:08:09,8625774,Api3,1656.0,-1.1162922142150644
0.069693,2025-01-18 08:10:06,8625798,Eoracle,2110.0,-1.2147413182140299
0.07041,2025-01-18 08:15:21,8625955,Eoracle,315.0,1.0287977271748794
0.07072,2025-01-18 08:27:45,8626359,Api3,1176.0,1.0574449842812195
0.07112,2025-01-18 08:31:03,8626427,Eoracle,942.0,1.0083794915495048
0.07143484786458801,2025-01-18 09:03:35,8627435,Api3,2150.0,1.0108142881617654
0.07071,2025-01-18 09:42:19,8628597,Api3,2324.0,-1.0146978488174807
0.070326,2025-01-18 10:11:06,8629429,Eoracle,6003.0,-1.1164229471316123
0.07,2025-01-18 10:29:22,8630007,Api3,2823.0,-1.0041012586621267
0.06961,2025-01-18 10:42:49,8630380,Eoracle,1903.0,-1.0181156329095886
0.07033,2025-01-18 10:51:23,8630637,Eoracle,514.0,1.0343341473926237
0.07077,2025-01-18 10:54:38,8630767,Api3,1516.0,1.0999999999999899
0.07104,2025-01-18 10:55:19,8630755,Eoracle,236.0,1.0095265178444501
0.07148,2025-01-18 11:44:16,8632257,Api3,2978.0,1.003249964674291
0.07128,2025-01-18 12:05:08,8632850,Eoracle,4189.0,0.33783783783782884
0.07075,2025-01-18 12:27:42,8633557,Api3,2606.0,-1.0212646894236288
0.070558,2025-01-18 12:29:31,8633581,Eoracle,1463.0,-1.0129068462401802
0.07127,2025-01-18 13:36:42,8635596,Eoracle,4031.0,1.0090988973610493
0.07054,2025-01-18 14:09:02,8636566,Eoracle,1940.0,-1.024273888031424
0.07001,2025-01-18 14:39:35,8637516,Api3,7913.0,-1.0459363957597057
0.069814,2025-01-18 15:04:02,8638216,Eoracle,3300.0,-1.0292032889140934
0.07055,2025-01-18 15:19:49,8638690,Eoracle,947.0,1.0542298106396952
0.07082,2025-01-18 15:20:40,8638748,Api3,2465.0,1.1569775746321787
0.07126,2025-01-18 15:45:03,8639447,Eoracle,1514.0,1.0063784549964705
0.070431,2025-01-18 16:13:02,8640286,Eoracle,1679.0,-1.1633454953690836
0.07000090591457211,2025-01-18 16:17:28,8640452,Api3,3408.0,-1.1565858308781096
0.07075765876029,2025-01-18 16:23:51,8640644,Api3,383.0,1.0810615031774162
0.07004,2025-01-18 16:49:19,8641407,Api3,1528.0,-1.0142488783034032
0.069714,2025-01-18 16:54:32,8641531,Eoracle,2490.0,-1.0180176342803549
0.069307567,2025-01-18 17:44:26,8643060,Api3,3307.0,-1.0457352941176556
0.06917,2025-01-18 18:00:00,8643495,Eoracle,3928.0,-0.7803310669306063
0.068607,2025-01-18 20:27:42,8647958,Api3,9796.0,-1.0108088197642195
0.06846,2025-01-18 20:29:54,8647992,Eoracle,8994.0,-1.02645655631054
0.06915,2025-01-18 22:22:24,8651367,Eoracle,6750.0,1.0078878177037787
0.069313967,2025-01-18 23:25:50,8653303,Api3,10688.0,1.0304589910650641
0.06987,2025-01-18 23:40:15,8653703,Eoracle,4671.0,1.0412147505423075
0.069426,2025-01-19 00:00:03,8654299,Eoracle,1188.0,-0.6354658651781864
0.07014,2025-01-19 00:31:00,8655225,Eoracle,1857.0,1.0284331518451095
0.07007,2025-01-19 00:31:01,8655257,Api3,3911.0,1.0907368784706772
0.069423,2025-01-19 03:29:14,8660572,Eoracle,10694.0,-1.022241231822063
0.06936855814490639,2025-01-19 03:37:43,8660858,Api3,11202.0,-1.0010587342566102
0.06864503134370502,2025-01-19 04:18:46,8662090,Api3,2463.0,-1.0430183653089231
0.068696,2025-01-19 04:19:05,8662067,Eoracle,2991.0,-1.047203376402639
0.068,2025-01-19 05:13:54,8663713,Eoracle,3289.0,-1.013159427040855
0.06794768369999998,2025-01-19 05:14:46,8663770,Api3,3360.0,-1.0158749002727063
0.06757,2025-01-19 06:00:03,8665099,Eoracle,2769.0,-0.6323529411764728
0.06725496586074453,2025-01-19 06:04:27,8665262,Api3,2981.0,-1.0194870546491486
0.067941068,2025-01-19 06:28:02,8665968,Api3,1415.0,1.0201508996020792
0.06827,2025-01-19 06:36:53,8666201,Eoracle,2210.0,1.0359627053425857
0.06757,2025-01-19 07:21:46,8667548,Eoracle,2693.0,-1.0253405595429754
0.0683,2025-01-19 07:39:24,8668077,Eoracle,1058.0,1.0803611070001384
0.067594,2025-01-19 08:30:17,8669603,Eoracle,3053.0,-1.03367496339678
0.06720854484911551,2025-01-19 08:36:39,8669826,Api3,7717.0,-1.0781743243784225
0.066826,2025-01-19 08:46:46,8670099,Eoracle,989.0,-1.1361955203124663
0.06649,2025-01-19 08:48:25,8670178,Api3,706.0,-1.0691272229277682
0.066126,2025-01-19 09:02:16,8670563,Eoracle,930.0,-1.047496483404653
0.06578254267411703,2025-01-19 09:03:03,8670624,Api3,878.0,-1.0640056036741896
0.06536,2025-01-19 09:13:17,8670893,Eoracle,661.0,-1.1583945800441642
0.06506,2025-01-19 09:14:10,8670952,Api3,667.0,-1.0983805805386049
0.0647,2025-01-19 09:19:16,8671073,Eoracle,359.0,-1.0097919216646378
0.06438,2025-01-19 09:23:36,8671234,Api3,566.0,-1.0451890562557686
0.06503,2025-01-19 09:39:55,8671726,Api3,979.0,1.009630319975141
0.06538,2025-01-19 09:46:50,8671900,Eoracle,1654.0,1.0510046367851578
0.065739381,2025-01-19 09:53:07,8672120,Api3,792.0,1.090851914501001
0.065052,2025-01-19 10:07:25,8672551,Api3,858.0,-1.0456152606608815
0.064699,2025-01-19 11:16:15,8674583,Eoracle,5365.0,-1.0416029366778656
0.06440098819485546,2025-01-19 11:28:21,8674979,Api3,4856.0,-1.0007560184845055
0.06403,2025-01-19 11:33:54,8675112,Eoracle,1059.0,-1.034019072937764
0.06375463099999999,2025-01-19 11:52:06,8675688,Api3,1425.0,-1.0036448398894282
0.06388,2025-01-19 12:00:00,8675897,Eoracle,1566.0,-0.234265188193028
0.06452,2025-01-19 12:41:54,8677152,Eoracle,2514.0,1.0018785222291715
0.0644,2025-01-19 12:53:18,8677527,Api3,3672.0,1.0122699949435932
0.06521,2025-01-19 12:56:53,8677602,Eoracle,899.0,1.0694358338499743
0.06504953161169179,2025-01-19 12:56:54,8677635,Api3,216.0,1.0085894591487454
0.06572,2025-01-19 13:01:51,8677783,Api3,297.0,1.030704405852645
0.06588,2025-01-19 13:01:52,8677751,Eoracle,299.0,1.0274497776414426
0.06656,2025-01-19 13:16:44,8678197,Eoracle,892.0,1.032179720704307
0.066438713,2025-01-19 13:16:46,8678231,Api3,895.0,1.0935986001217257
0.06734,2025-01-19 13:45:26,8679058,Eoracle,1722.0,1.171875
0.067234341,2025-01-19 13:45:38,8679096,Api3,1732.0,1.1975367433743056
0.06807,2025-01-19 13:56:17,8679384,Eoracle,651.0,1.0840510840510964
0.06799,2025-01-19 13:56:31,8679423,Api3,653.0,1.1239182072149578
0.06876,2025-01-19 14:01:20,8679535,Eoracle,303.0,1.013662406346394
0.06868582558698713,2025-01-19 14:01:51,8679583,Api3,320.0,1.0234234254848262
0.06951,2025-01-19 14:11:04,8679827,Eoracle,584.0,1.0907504363001808
0.06950278383117309,2025-01-19 14:12:40,8679909,Api3,649.0,1.1894131535935548
0.07023,2025-01-19 14:28:31,8680351,Eoracle,1047.0,1.0358221838584258
0.0702851189,2025-01-19 14:36:32,8680623,Api3,1432.0,1.1256168828104096
0.07094,2025-01-19 14:44:08,8680835,Eoracle,937.0,1.0109639755090383
0.071,2025-01-19 14:52:48,8681111,Api3,976.0,1.017115872019958
0.07174,2025-01-19 15:02:41,8681388,Eoracle,1113.0,1.127713560755561
0.07171,2025-01-19 15:03:20,8681432,Api3,632.0,1.0000000000000009
0.07099,2025-01-19 15:18:42,8681888,Api3,922.0,-1.0040440663784622
0.071002,2025-01-19 15:19:15,8681886,Eoracle,994.0,-1.0287148034569316
0.07027585693073887,2025-01-19 15:28:02,8682167,Api3,560.0,-1.0059769957192932
0.070287,2025-01-19 15:30:16,8682216,Eoracle,661.0,-1.0070138869327505
0.07104,2025-01-19 16:00:23,8683122,Eoracle,1807.0,1.0713218660634238
0.070979765,2025-01-19 16:01:12,8683164,Api3,1990.0,1.0016356968153062
0.070292,2025-01-19 17:14:38,8685347,Eoracle,4455.0,-1.052927927927949
0.070203,2025-01-19 17:15:38,8685396,Api3,4466.0,-1.094347100191162
0.070905735,2025-01-19 17:52:28,8686500,Api3,2210.0,1.0010042305884204
0.07105,2025-01-19 17:52:57,8686496,Eoracle,2299.0,1.0783588459568838
0.070949,2025-01-19 18:00:03,8686710,Eoracle,426.0,-0.14215341308937424
0.07088,2025-01-19 18:09:32,8686994,Eoracle,569.0,-0.0972529563489255
0.07075485824796485,2025-01-19 18:16:20,8687198,Eoracle,408.0,-0.17655439056878386
0.07018,2025-01-19 18:27:43,8687560,Api3,2115.0,-1.0235208759911907
0.070033,2025-01-19 19:17:41,8689038,Eoracle,3681.0,-1.0202242868398548
0.06943,2025-01-19 21:02:29,8692202,Api3,9286.0,-1.0686805357651763
0.069245,2025-01-19 21:03:13,8692205,Eoracle,6332.0,-1.125183841903099
0.06866380294370351,2025-01-19 21:26:44,8692930,Api3,1455.0,-1.1035533001533815
0.068455,2025-01-19 21:27:42,8692939,Eoracle,1469.0,-1.1408765975882695
0.06772,2025-01-19 21:31:09,8693059,Api3,265.0,-1.374527630631417
0.06754,2025-01-19 21:33:17,8693112,Eoracle,335.0,-1.336644510992624
0.067475,2025-01-19 21:34:03,8693129,Eoracle,46.0,-0.09623926562039031
0.067039,2025-01-19 21:43:44,8693440,Api3,755.0,-1.0056113408151268
0.066738,2025-01-19 21:47:46,8693541,Eoracle,823.0,-1.092256391256008
0.06635,2025-01-19 21:48:11,8693600,Api3,267.0,-1.027759960619934
0.066732,2025-01-19 21:48:26,8693561,Eoracle,40.0,-0.008990380293094624
0.06602218761668076,2025-01-19 21:59:57,8693906,Eoracle,691.0,-1.0636761723299748
0.065667,2025-01-19 22:04:53,8694074,Api3,1002.0,-1.0293896006028702
0.065255,2025-01-19 22:11:58,8694267,Eoracle,721.0,-1.1620148383070683
0.06493942733404752,2025-01-19 22:12:16,8694301,Api3,443.0,-1.1079730548867572
0.065652689,2025-01-19 22:16:21,8694417,Api3,245.0,1.0983491774318788
0.06591,2025-01-19 22:16:50,8694413,Eoracle,292.0,1.003754501570775
0.066329798,2025-01-19 22:47:08,8695340,Api3,1847.0,1.03134998781238
0.06565,2025-01-19 22:48:38,8695387,Api3,90.0,-1.0248757277988352
0.06489,2025-01-19 22:49:15,8695406,Api3,37.0,-1.1576542269611578
0.06495,2025-01-19 22:49:44,8695400,Eoracle,1974.0,-1.4565316340464318
0.06554,2025-01-19 22:52:36,8695509,Api3,201.0,1.001695176452455
0.066,2025-01-19 22:53:15,8695506,Eoracle,211.0,1.616628175519641
0.06621,2025-01-19 22:56:05,8695610,Api3,209.0,1.0222764723832878
0.06695,2025-01-19 22:57:57,8695647,Eoracle,282.0,1.4393939393939181
0.06691,2025-01-19 22:58:35,8695684,Api3,150.0,1.057242108442824
0.0675801612,2025-01-19 23:06:36,8695924,Api3,481.0,1.0015860110596408
0.06782,2025-01-19 23:07:05,8695920,Eoracle,548.0,1.2994772218073436
0.068346218,2025-01-19 23:23:23,8696428,Api3,1007.0,1.133552785902503
0.06765624977318616,2025-01-19 23:28:43,8696588,Api3,320.0,-1.0095192492053373
0.06696195919481392,2025-01-19 23:39:55,8696924,Api3,672.0,-1.026203167778006
0.06704,2025-01-19 23:40:28,8696922,Eoracle,2003.0,-1.1501032143910406
0.06776,2025-01-19 23:47:00,8697118,Eoracle,392.0,1.0739856801909253
0.0676415902782195,2025-01-19 23:47:11,8697144,Api3,436.0,1.014951013348231
0.06705,2025-01-19 23:56:31,8697404,Eoracle,571.0,-1.0478158205430965
0.067163,2025-01-20 00:00:02,8697509,Eoracle,211.0,0.16853094705444605
0.06686041577841936,2025-01-20 00:00:26,8697541,Api3,795.0,-1.1548730545616337
0.066474,2025-01-20 00:03:00,8697599,Eoracle,178.0,-1.0258624540297467
0.06599778130644236,2025-01-20 00:03:14,8697625,Api3,168.0,-1.290202075374225
0.065707,2025-01-20 00:31:48,8698462,Eoracle,1728.0,-1.153834581941815
0.0652,2025-01-20 00:39:20,8698706,Api3,2166.0,-1.2088001909308033
0.064825,2025-01-20 00:48:00,8698948,Eoracle,972.0,-1.342322735781587
0.06443,2025-01-20 00:48:07,8698970,Api3,527.0,-1.1809815950920122
0.065199504,2025-01-20 00:53:59,8699146,Api3,352.0,1.1943256247090028
0.06445,2025-01-20 00:59:29,8699312,Api3,330.0,-1.1495547573490916
0.065146685,2025-01-20 01:09:21,8699608,Api3,592.0,1.080969743987592
0.06434217464570449,2025-01-20 01:51:51,8700882,Api3,2550.0,-1.234921399754263
0.06502,2025-01-20 01:59:36,8701114,Api3,465.0,1.0534697622949452
0.06549,2025-01-20 02:00:50,8701133,Eoracle,4370.0,1.0258387967605254
0.06571,2025-01-20 02:02:09,8701193,Api3,153.0,1.061211934789319
0.06621,2025-01-20 02:06:51,8701314,Eoracle,361.0,1.0994044892350008
0.0664,2025-01-20 02:17:37,8701657,Api3,928.0,1.050068482727129
0.06689,2025-01-20 02:23:27,8701812,Eoracle,996.0,1.027035191058756
0.066204,2025-01-20 02:46:15,8702496,Eoracle,1368.0,-1.0255643593960362
0.06572962124306332,2025-01-20 03:01:10,8702962,Api3,2613.0,-1.0096065616516214
0.066550952,2025-01-20 03:16:55,8703434,Api3,945.0,1.2495595462195919
0.06578451030649422,2025-01-20 03:26:48,8703730,Api3,593.0,-1.1516615021611942
0.06646699,2025-01-20 03:35:34,8703994,Api3,526.0,1.0374474026272562
0.06688,2025-01-20 04:42:26,8705981,Eoracle,6971.0,1.0210863391939995
0.067176819,2025-01-20 04:48:19,8706178,Api3,4365.0,1.0679421469213413
0.06755,2025-01-20 05:08:19,8706758,Eoracle,1553.0,1.001794258373212
0.067852286,2025-01-20 05:09:47,8706821,Api3,1288.0,1.0055060808997318
0.0670919857694732,2025-01-20 05:21:31,8707173,Api3,704.0,-1.1205226461003748
0.066868,2025-01-20 05:34:11,8707533,Eoracle,1552.0,-1.0096225018504823
0.06687,2025-01-20 06:00:03,8708310,Eoracle,1552.0,0.0029909672788264174
0.06755,2025-01-20 06:06:48,8708512,Eoracle,405.0,1.0168984596979236
0.067791174,2025-01-20 06:13:08,8708721,Api3,3097.0,1.0421337548857101
0.06824,2025-01-20 06:22:31,8708984,Eoracle,943.0,1.021465581051073
0.06858,2025-01-20 06:42:14,8709597,Api3,1746.0,1.1636116524549545
0.069,2025-01-20 06:42:18,8709577,Eoracle,1187.0,1.1137162954279134
0.0693406894117066,2025-01-20 06:45:41,8709697,Api3,207.0,1.109200075396033
0.06969,2025-01-20 06:47:39,8709738,Eoracle,321.0,1.0000000000000009
0.07005,2025-01-20 06:50:04,8709831,Api3,263.0,1.022935587043139
0.07066,2025-01-20 06:52:14,8709875,Eoracle,275.0,1.391878318266615
0.0707588228813477,2025-01-20 06:55:40,8709998,Api3,336.0,1.0118813438225516
0.07002,2025-01-20 07:35:01,8711178,Api3,2361.0,-1.0441424139949307
0.0699,2025-01-20 07:35:34,8711175,Eoracle,2600.0,-1.0755731672799307
0.07063,2025-01-20 07:49:49,8711603,Eoracle,855.0,1.0443490701001368
0.07072587990000001,2025-01-20 07:55:10,8711781,Api3,1209.0,1.0081118251928256
0.07000706937888099,2025-01-20 08:47:43,8713360,Api3,3153.0,-1.0163330907093093
0.06992,2025-01-20 08:48:59,8713378,Eoracle,3550.0,-1.0052385671810882
0.06923104773450829,2025-01-20 09:40:09,8714931,Api3,3146.0,-1.1084904014090902
0.06999,2025-01-20 10:36:09,8716611,Api3,3360.0,1.0962599734185563
0.06928,2025-01-20 10:43:54,8716844,Api3,465.0,-1.0144306329475716
0.06921,2025-01-20 10:46:59,8716918,Eoracle,7080.0,-1.0154462242563
0.06967,2025-01-20 12:00:00,8719109,Eoracle,4381.0,0.6646438375957242
0.068752,2025-01-20 12:13:41,8719519,Eoracle,821.0,-1.3176403042916673
0.0685827891,2025-01-20 12:14:21,8719559,Api3,5427.0,-1.0063667725173087
0.06771694745924288,2025-01-20 12:18:32,8719684,Api3,251.0,-1.2624765660880999
0.06787700309204822,2025-01-20 12:18:37,8719701,Api3,5.0,0.23635978704101834
0.0677,2025-01-20 12:19:51,8719703,Eoracle,370.0,-1.5301373050965794
0.06838,2025-01-20 12:34:03,8720130,Eoracle,852.0,1.004431314623333
0.067572,2025-01-20 12:43:24,8720410,Eoracle,561.0,-1.1816320561567784
0.06825,2025-01-20 12:47:55,8720546,Eoracle,271.0,1.003374178653904
0.06856,2025-01-20 13:19:09,8721503,Api3,3632.0,1.006227259364345
0.06896,2025-01-20 13:34:23,8721940,Eoracle,2788.0,1.0402930402930277
0.069247615,2025-01-20 14:10:48,8723050,Api3,3099.0,1.0029390315052567
0.06965,2025-01-20 14:57:47,8724442,Eoracle,5004.0,1.0005800464037318
0.068927,2025-01-20 15:35:15,8725566,Eoracle,2248.0,-1.0380473797559242
0.0685,2025-01-20 15:47:05,8725940,Api3,5777.0,-1.0796256304278384
0.06823,2025-01-20 15:48:46,8725973,Eoracle,811.0,-1.0112147634453894
0.067786,2025-01-20 16:11:03,8726662,Api3,1438.0,-1.0423357664233635
0.067501,2025-01-20 16:12:16,8726676,Eoracle,1410.0,-1.0684449655576578
0.06708,2025-01-20 16:13:47,8726741,Api3,164.0,-1.0415129967839887
0.06776,2025-01-20 16:22:40,8727007,Api3,533.0,1.0137149672033496
0.06822,2025-01-20 16:28:30,8727150,Eoracle,974.0,1.0651694048976923
0.06849982308359881,2025-01-20 16:40:42,8727548,Api3,1082.0,1.0918286357715523
0.06894,2025-01-20 16:48:53,8727762,Eoracle,1223.0,1.055408970976246
0.0678,2025-01-20 17:06:09,8728311,Api3,1527.0,-1.0216421767173522
0.067993,2025-01-20 17:06:47,8728299,Eoracle,1074.0,-1.3736582535538222
0.06711,2025-01-20 17:07:36,8728323,Eoracle,49.0,-1.298663097671815
0.06779,2025-01-20 17:08:34,8728353,Eoracle,58.0,1.013261808970345
0.06706,2025-01-20 17:37:59,8729267,Api3,1910.0,-1.0914454277286212
0.067106,2025-01-20 17:38:47,8729258,Eoracle,1813.0,-1.0089983773417965
0.06626,2025-01-20 17:40:01,8729326,Api3,122.0,-1.1929615269907434
0.066432,2025-01-20 17:40:03,8729299,Eoracle,76.0,-1.0043811283640736
0.065464,2025-01-20 17:42:18,8729366,Eoracle,135.0,-1.457129094412346
0.0651506589,2025-01-20 17:42:24,8729405,Api3,143.0,-1.6742244189556166
0.0651506589,2025-01-20 17:42:27,8729445,Api3,3.0,0.0
0.0658120100953672,2025-01-20 17:46:08,8729511,Api3,221.0,1.015110524641516
0.06614,2025-01-20 17:51:36,8729643,Eoracle,558.0,1.0326286203104162
0.066515,2025-01-20 17:52:54,8729715,Api3,406.0,1.0681787467273995
0.06632,2025-01-20 18:00:00,8729895,Eoracle,504.0,0.2721499848805653
0.06704,2025-01-20 18:12:19,8730265,Eoracle,739.0,1.0856453558504287
0.06724,2025-01-20 18:21:54,8730583,Api3,1740.0,1.0899797038261827
0.06772,2025-01-20 18:54:17,8731524,Eoracle,2518.0,1.0143198090692085
0.06791812638815574,2025-01-20 18:56:55,8731635,Api3,2101.0,1.0085163416950316
0.0672301119,2025-01-20 19:21:05,8732359,Api3,1450.0,-1.0130056948622235
0.066938,2025-01-20 20:18:45,8734058,Eoracle,5068.0,-1.1547548730065027
0.06764,2025-01-20 20:39:05,8734668,Eoracle,1220.0,1.0487316621351273
0.06696,2025-01-20 21:10:22,8735606,Eoracle,1877.0,-1.0053222945002993
0.06652955506656015,2025-01-20 21:48:56,8736796,Api3,8871.0,-1.0420283614608228
0.06629,2025-01-20 21:58:48,8737059,Eoracle,2906.0,-1.000597371565115
0.065861,2025-01-20 22:04:15,8737254,Api3,919.0,-1.0048993502080217
0.06653,2025-01-20 22:33:01,8738118,Api3,1726.0,1.0157756487147118
0.06697,2025-01-20 22:42:22,8738367,Eoracle,2614.0,1.0257957459647082
0.0672,2025-01-20 22:49:43,8738620,Api3,1002.0,1.00706448218848
0.066505,2025-01-20 23:52:44,8740510,Api3,3781.0,-1.0342261904761951
0.06637643887580962,2025-01-21 00:00:00,8740695,Eoracle,4658.0,-0.8863089804246438
0.06580826195231157,2025-01-21 00:25:45,8741499,Api3,1981.0,-1.0476476170038773
0.065643,2025-01-21 00:26:15,8741482,Eoracle,1575.0,-1.1049687030994182
0.06512552328899128,2025-01-21 00:52:57,8742316,Api3,1632.0,-1.0374664868296302
0.06497,2025-01-21 00:54:15,8742323,Eoracle,1680.0,-1.0252426001249315
0.06445212056299987,2025-01-21 01:31:08,8743462,Api3,2291.0,-1.0340073936960459
0.06432,2025-01-21 01:37:25,8743618,Eoracle,2590.0,-1.0004617515776526
0.0637888851,2025-01-21 02:46:35,8745725,Api3,4527.0,-1.0290359063540477
0.0645,2025-01-21 03:04:21,8746257,Api3,1066.0,1.1147943703440077
0.06501,2025-01-21 03:11:29,8746440,Eoracle,5644.0,1.0727611940298365
0.064351,2025-01-21 03:38:18,8747244,Eoracle,1609.0,-1.0136902015074445
0.06384,2025-01-21 04:31:07,8748861,Api3,5206.0,-1.0232558139535053
0.063658,2025-01-21 04:35:18,8748954,Eoracle,3420.0,-1.0769063417817915
0.0643,2025-01-21 04:52:01,8749456,Eoracle,1003.0,1.008514248012804
0.06449,2025-01-21 04:52:59,8749518,Api3,1312.0,1.0181704260651792
0.06495,2025-01-21 04:58:44,8749657,Eoracle,403.0,1.0108864696734
0.06513723,2025-01-21 05:03:06,8749821,Api3,607.0,1.0036129632501112
0.06566,2025-01-21 05:18:04,8750237,Eoracle,1160.0,1.0931485758275628
0.06574,2025-01-21 06:00:01,8751497,Eoracle,2517.0,0.12183978068840418
0.06581,2025-01-21 06:03:12,8751623,Api3,3606.0,1.0328501841419868
0.06644,2025-01-21 06:07:31,8751721,Eoracle,450.0,1.0648007301490514
0.066486589,2025-01-21 06:08:33,8751783,Api3,321.0,1.0280945145114906
0.06714,2025-01-21 06:33:22,8752496,Eoracle,1551.0,1.0535821794100064
0.066433,2025-01-21 07:06:59,8753505,Eoracle,2017.0,-1.0530235329162974
0.06581726722171544,2025-01-21 07:56:18,8755016,Api3,6465.0,-1.0067019354603413
0.065716,2025-01-21 08:03:15,8755192,Eoracle,3376.0,-1.0792828865172521
0.06638,2025-01-21 09:06:32,8757091,Eoracle,3797.0,1.010408424128073
0.06648,2025-01-21 09:10:20,8757238,Api3,4442.0,1.006928434223875
0.06705,2025-01-21 10:40:11,8759901,Eoracle,5619.0,1.0093401626996235
0.067153939,2025-01-21 10:50:34,8760247,Api3,6014.0,1.0137469915764141
0.06774,2025-01-21 10:54:59,8760345,Eoracle,888.0,1.029082774049206
0.06786,2025-01-21 11:13:37,8760936,Api3,1383.0,1.0514066792120857
0.06843,2025-01-21 11:23:38,8761204,Eoracle,1719.0,1.0186005314437807
0.068544372,2025-01-21 11:36:34,8761624,Api3,1377.0,1.0085057471264314
0.067828705,2025-01-21 11:45:57,8761906,Api3,563.0,-1.044093014667935
0.06771,2025-01-21 11:50:26,8762008,Eoracle,1608.0,-1.052170100832961
0.06761,2025-01-21 12:00:03,8762297,Eoracle,577.0,-0.14768867227884508
0.06841,2025-01-21 12:22:54,8762982,Eoracle,1371.0,1.1832569146575933
0.067691,2025-01-21 12:58:10,8764040,Eoracle,2116.0,-1.0510159333430802
0.06714,2025-01-21 13:24:37,8764867,Api3,5920.0,-1.0153592052214444
0.067,2025-01-21 13:29:04,8764967,Eoracle,1854.0,-1.0208151748385963
0.06773,2025-01-21 14:53:00,8767485,Eoracle,5036.0,1.0895522388059575
0.06783,2025-01-21 15:16:18,8768217,Api3,6701.0,1.0277033065236862
0.06841,2025-01-21 15:26:50,8768500,Eoracle,2030.0,1.0039864166543566
0.0685227818,2025-01-21 15:33:54,8768743,Api3,1056.0,1.021350140056021
0.06783,2025-01-21 15:52:14,8769295,Api3,1100.0,-1.0110240445609042
0.067722,2025-01-21 16:03:24,8769598,Eoracle,2194.0,-1.0057009209179846
0.06841,2025-01-21 16:14:43,8769938,Eoracle,679.0,1.015918017778561
0.067708,2025-01-21 16:38:12,8770641,Eoracle,1409.0,-1.0261657652389955
0.06846,2025-01-21 17:08:30,8771550,Eoracle,1818.0,1.1106516216695006
0.068525491,2025-01-21 17:15:23,8771788,Api3,4989.0,1.0253442429603243
0.06921,2025-01-21 17:53:52,8772911,Eoracle,2722.0,1.0955302366345343
0.06922545390104559,2025-01-21 17:55:39,8772996,Api3,2416.0,1.0214635325204613
0.06939,2025-01-21 18:00:00,8773096,Eoracle,368.0,0.2600780234070177
0.06869,2025-01-21 19:03:36,8775003,Eoracle,3816.0,-1.0087908920593636
0.0685,2025-01-21 19:10:08,8775232,Api3,4469.0,-1.0479583161456585
0.068001,2025-01-21 19:31:23,8775837,Eoracle,1667.0,-1.0030572135681926
0.06778628025072471,2025-01-21 19:38:33,8776084,Api3,1705.0,-1.0419266412778017
0.06848,2025-01-21 21:58:50,8780293,Api3,8417.0,1.0233925607208372
0.0687,2025-01-21 22:49:04,8781767,Eoracle,11861.0,1.0279260599108664
0.067942,2025-01-21 23:05:54,8782272,Eoracle,1010.0,-1.1033478893740845
0.06778859790685696,2025-01-21 23:05:58,8782305,Api3,4028.0,-1.0096409070429968
0.06789,2025-01-22 00:00:00,8783896,Eoracle,3246.0,-0.07653586882928609
0.06859,2025-01-22 00:19:10,8784470,Eoracle,1150.0,1.0310796877301298
0.06848,2025-01-22 00:19:18,8784506,Api3,4400.0,1.0199386246239284
0.067898,2025-01-22 01:57:53,8787432,Eoracle,5923.0,-1.0088934246974768
0.06779511709190246,2025-01-22 02:02:11,8787593,Api3,6173.0,-1.000121069067672
0.06858,2025-01-22 02:34:11,8788521,Eoracle,2178.0,1.004447848242962
0.0685,2025-01-22 02:34:12,8788553,Api3,1921.0,1.039725187201923
0.06781103931338116,2025-01-22 04:38:13,8792273,Api3,7441.0,-1.0057820242610926
0.067861,2025-01-22 04:39:55,8792293,Eoracle,7544.0,-1.0484106153397454
0.06855,2025-01-22 05:09:44,8793193,Eoracle,1789.0,1.0153107086544377
0.0685,2025-01-22 05:10:05,8793230,Api3,1912.0,1.0160007774470126
0.067862,2025-01-22 05:31:58,8793855,Eoracle,1334.0,-1.0036469730123954
0.06781,2025-01-22 05:59:02,8794699,Api3,2937.0,-1.0072992700730032
0.067858,2025-01-22 06:00:01,8794696,Eoracle,1683.0,-0.005894314933252431
0.067128359,2025-01-22 06:27:58,8795566,Api3,1736.0,-1.0052219436661236
0.06717,2025-01-22 06:29:55,8795593,Eoracle,1794.0,-1.0138819299124746
0.06645313045251401,2025-01-22 07:07:18,8796748,Api3,2360.0,-1.0058767375588418
0.06633440700060417,2025-01-22 07:11:24,8796837,Eoracle,2489.0,-1.2439973193327791
0.06577,2025-01-22 08:21:28,8798971,Api3,4450.0,-1.0279883699416792
0.065644,2025-01-22 08:26:45,8799098,Eoracle,4521.0,-1.040797727486864
0.0651,2025-01-22 09:18:07,8800674,Api3,3399.0,-1.0187015356545426
0.064985,2025-01-22 10:01:45,8801948,Eoracle,5700.0,-1.0038998232892449
0.06565,2025-01-22 10:59:38,8803684,Eoracle,3473.0,1.0233130722474337
0.06579,2025-01-22 11:13:03,8804119,Api3,6896.0,1.0599078341013701
0.06635,2025-01-22 11:52:13,8805262,Eoracle,3155.0,1.066260472201086
0.06645,2025-01-22 11:57:05,8805439,Api3,2642.0,1.0031919744641904
0.066393,2025-01-22 12:00:03,8805497,Eoracle,470.0,0.06480783722679906
0.06578,2025-01-22 12:19:00,8806099,Api3,1315.0,-1.0082768999247427
0.06578,2025-01-22 12:19:09,8806103,Api3,9.0,0.0
0.06570721966375441,2025-01-22 12:31:30,8806440,Eoracle,1887.0,-1.0329106023911905
0.06512,2025-01-22 13:16:22,8807818,Api3,3433.0,-1.0033444816053616
0.06505,2025-01-22 13:24:17,8808024,Eoracle,3167.0,-1.0002244306145158
