timestamp,open,high,low,close,volume
2025-01-22 03:10:00,1.00001,1.00001,1.0,1.0,5488.41052037
2025-01-22 03:11:00,1.0,1.00002,1.0,1.00001,14628.91700998
2025-01-22 03:12:00,1.0,1.00001,1.0,1.00001,904.02556303
2025-01-22 03:13:00,1.00001,1.00001,1.0,1.00001,12226.98834352
2025-01-22 03:14:00,1.0,1.00001,1.0,1.0,13769.87882168
2025-01-22 03:15:00,1.0,1.00001,1.0,1.0,8450.95354998
2025-01-22 03:16:00,1.0,1.00002,1.0,1.00001,116041.95255755
2025-01-22 03:17:00,1.00001,1.00002,1.00001,1.00001,87156.90756738
2025-01-22 03:18:00,1.00001,1.00002,1.00001,1.00001,15218.13302455
2025-01-22 03:19:00,1.00001,1.00002,1.0,1.0,38342.21867384
2025-01-22 03:20:00,1.00001,1.00002,1.0,1.0,42307.35469833
2025-01-22 03:21:00,1.0,1.00001,1.0,1.0,16344.05601019
2025-01-22 03:22:00,1.0,1.00001,1.0,1.0,33704.03613675
2025-01-22 03:23:00,1.0,1.00001,1.0,1.0,17080.08616922
2025-01-22 03:24:00,1.0,1.00001,1.0,1.0,15017.33119178
2025-01-22 03:25:00,1.0,1.00001,1.0,1.00001,66976.47067934
2025-01-22 03:26:00,1.00001,1.00002,1.00001,1.00001,37594.79908584
2025-01-22 03:27:00,1.00001,1.00002,1.00001,1.00001,15800.99320693
2025-01-22 03:28:00,1.00001,1.00002,1.00001,1.00001,15606.29195653
2025-01-22 03:29:00,1.00001,1.00002,1.00001,1.00001,13046.55437769
2025-01-22 03:30:00,1.00001,1.00002,1.00001,1.00002,202949.21028813
2025-01-22 03:31:00,1.00003,1.00014,1.00003,1.00014,1041162.50751143
2025-01-22 03:32:00,1.00014,1.00015,1.00014,1.00015,4681.76274938
2025-01-22 03:33:00,1.00015,1.00015,1.00014,1.00015,51962.74271195
2025-01-22 03:34:00,1.00015,1.00016,1.00015,1.00016,62.20752687
2025-01-22 03:35:00,1.00016,1.00016,1.00016,1.00016,3407.87499786
2025-01-22 03:36:00,1.00015,1.00016,1.00015,1.00016,10225.95047268
2025-01-22 03:37:00,1.00017,1.00018,1.00017,1.00018,3721.93940674
2025-01-22 03:38:00,1.00017,1.0002,1.00017,1.00018,20918.63382045
2025-01-22 03:39:00,1.00017,1.00018,1.00017,1.00017,5220.43598312
2025-01-22 03:40:00,1.00017,1.00018,1.00017,1.00018,1762.57672889
2025-01-22 03:41:00,1.00017,1.00018,1.00017,1.00018,2747.48937972
2025-01-22 03:42:00,1.00017,1.00018,1.00017,1.00018,2936.43763625
2025-01-22 03:43:00,1.00017,1.00017,1.00017,1.00017,2147.42192826
2025-01-22 03:44:00,1.00017,1.00017,1.00017,1.00017,1144.71633439
2025-01-22 03:45:00,1.00017,1.00018,1.00017,1.00018,5496.90797307
2025-01-22 03:46:00,1.00018,1.00018,1.00017,1.00018,9314.62127357
2025-01-22 03:47:00,1.00017,1.00017,1.00016,1.00016,684385.83709573
2025-01-22 03:48:00,1.00016,1.00017,1.00016,1.00017,1105.93871108
2025-01-22 03:49:00,1.00017,1.00017,1.00017,1.00017,0.0
2025-01-22 03:50:00,1.00017,1.00017,1.00016,1.00016,2190.16819764
2025-01-22 03:51:00,1.00016,1.00016,1.00016,1.00016,15117.98833494
2025-01-22 03:52:00,1.00016,1.00016,1.00016,1.00016,4465.33076806
2025-01-22 03:53:00,1.00016,1.00016,1.00015,1.00016,3505.51287842
2025-01-22 03:54:00,1.00015,1.00016,1.00015,1.00015,6120.5789222
2025-01-22 03:55:00,1.00015,1.00017,1.00015,1.00016,17383.45736779
2025-01-22 03:56:00,1.00015,1.00016,1.00015,1.00016,10385.47163192
2025-01-22 03:57:00,1.00015,1.00016,1.00014,1.00014,15689.91766574
2025-01-22 03:58:00,1.00012,1.00013,1.00012,1.00013,1405.0426655
2025-01-22 03:59:00,1.00012,1.00012,1.0001,1.0001,4360.01260879
2025-01-22 04:00:00,1.00011,1.00012,1.0001,1.00011,12590.02171939
2025-01-22 04:01:00,1.0001,1.00011,1.0001,1.0001,9356.19381562
2025-01-22 04:02:00,1.0001,1.00011,1.0001,1.00011,33803.39569454
2025-01-22 04:03:00,1.00012,1.00013,1.00012,1.00013,109766.99889599
2025-01-22 04:04:00,1.00013,1.00014,1.00013,1.00013,318214.3502467
2025-01-22 04:05:00,1.00013,1.00013,1.00009,1.00009,136340.93270553
2025-01-22 04:06:00,1.00009,1.00009,1.00006,1.00007,216540.08120177
2025-01-22 04:07:00,1.00008,1.00009,1.00008,1.00008,131303.90820841
2025-01-22 04:08:00,1.00007,1.00007,1.00004,1.00005,109333.1453449
2025-01-22 04:09:00,1.00006,1.00007,1.00006,1.00007,532.50507556
2025-01-22 04:10:00,1.00006,1.00007,1.00006,1.00007,100.9036673
2025-01-22 04:11:00,1.00006,1.00007,1.00006,1.00007,2740.74861264
2025-01-22 04:12:00,1.00006,1.00007,1.00006,1.00006,1717.85780632
2025-01-22 04:13:00,1.00006,1.00007,1.00006,1.00007,200036.73297668
2025-01-22 04:14:00,1.00007,1.00007,1.00006,1.00006,3702.77638088
2025-01-22 04:15:00,1.00007,1.00007,1.00007,1.00007,421.2564
2025-01-22 04:16:00,1.00007,1.00007,1.00007,1.00007,0.0
2025-01-22 04:17:00,1.00006,1.00007,1.00006,1.00006,6015.75308543
2025-01-22 04:18:00,1.00006,1.00006,1.00006,1.00006,10838.95960241
2025-01-22 04:19:00,1.00007,1.00007,1.00006,1.00006,22091.77542387
2025-01-22 04:20:00,1.00006,1.00008,1.00006,1.00007,8197.23920268
2025-01-22 04:21:00,1.00007,1.00008,1.00006,1.00006,23683.14257075
2025-01-22 04:22:00,1.00007,1.00008,1.00006,1.00007,5828.98519402
2025-01-22 04:23:00,1.00007,1.00007,1.00006,1.00007,996.8579
2025-01-22 04:24:00,1.00006,1.00006,1.00006,1.00006,5186.571756
2025-01-22 04:25:00,1.00006,1.00008,1.00006,1.00008,16666.65490772
2025-01-22 04:26:00,1.00007,1.00008,1.00007,1.00007,939279.99356139
2025-01-22 04:27:00,1.00007,1.00008,1.00007,1.00007,9917.00584676
2025-01-22 04:28:00,1.00007,1.00008,1.00007,1.00008,33831.40251816
2025-01-22 04:29:00,1.00008,1.00008,1.00007,1.00008,596855.82854027
2025-01-22 04:30:00,1.00007,1.00008,1.00007,1.00007,597263.04731794
2025-01-22 04:31:00,1.00007,1.00008,1.00007,1.00007,3820.26532153
2025-01-22 04:32:00,1.00008,1.00009,1.00007,1.00009,403300.41568646
2025-01-22 04:33:00,1.00009,1.00009,1.00009,1.00009,1024.16538305
2025-01-22 04:34:00,1.00008,1.00009,1.00008,1.00009,1658.41347193
2025-01-22 04:35:00,1.00008,1.00011,1.00008,1.0001,12708.56453007
2025-01-22 04:36:00,1.00009,1.00009,1.00009,1.00009,4192.66149808
2025-01-22 04:37:00,1.00009,1.00009,1.00009,1.00009,17899.94240562
2025-01-22 04:38:00,1.0001,1.0001,1.00009,1.00009,2334.20142338
2025-01-22 04:39:00,1.0001,1.00011,1.00009,1.00009,76135.21539778
2025-01-22 04:40:00,1.00009,1.0001,1.00009,1.00009,5381.89459979
2025-01-22 04:41:00,1.00009,1.0001,1.00009,1.00009,3131.48537584
2025-01-22 04:42:00,1.0001,1.0001,1.00009,1.00009,26083.06536172
2025-01-22 04:43:00,1.00009,1.0001,1.00009,1.00009,17588.53480084
2025-01-22 04:44:00,1.00009,1.0001,1.00009,1.00009,1336.57865982
2025-01-22 04:45:00,1.00009,1.0001,1.00008,1.00008,36041.53970167
2025-01-22 04:46:00,1.00008,1.00008,1.0,1.0,104452.50080726
2025-01-22 04:47:00,0.99999,0.99999,0.99997,0.99997,25580.95995813
2025-01-22 04:48:00,0.99997,0.99997,0.99997,0.99997,14033.61731813
2025-01-22 04:49:00,0.99998,0.99998,0.99996,0.99996,12168.35730446
2025-01-22 04:50:00,0.99996,0.99996,0.99996,0.99996,47689.68162038
2025-01-22 04:51:00,0.99996,0.99997,0.99996,0.99996,15437.69359273
2025-01-22 04:52:00,0.99996,0.99996,0.99996,0.99996,21641.95127765
2025-01-22 04:53:00,0.99996,0.99997,0.99996,0.99996,17032.5771567
2025-01-22 04:54:00,0.99996,0.99997,0.99996,0.99997,1825.12484477
2025-01-22 04:55:00,0.99996,0.99997,0.99996,0.99997,23303.34286462
2025-01-22 04:56:00,0.99996,0.99997,0.99996,0.99997,73157.9566848
2025-01-22 04:57:00,0.99996,0.99997,0.99996,0.99996,25361.28779858
2025-01-22 04:58:00,0.99996,0.99997,0.99996,0.99996,26941.75618721
2025-01-22 04:59:00,0.99995,0.99995,0.99995,0.99995,12602.57224516
2025-01-22 05:00:00,0.99996,0.99996,0.99995,0.99995,3431.68760105
2025-01-22 05:01:00,0.99995,0.99995,0.99995,0.99995,0.0
2025-01-22 05:02:00,0.99995,0.99996,0.99995,0.99996,19516.48102532
2025-01-22 05:03:00,0.99995,0.99996,0.99995,0.99995,7817.0089453
2025-01-22 05:04:00,0.99996,0.99996,0.99995,0.99996,4742.32703694
2025-01-22 05:05:00,0.99996,0.99996,0.99995,0.99995,12096.44546285
2025-01-22 05:06:00,0.99995,0.99996,0.99988,0.99988,67620.10773866
2025-01-22 05:07:00,0.99989,0.9999,0.99989,0.9999,3335.35366406
2025-01-22 05:08:00,0.9999,0.9999,0.99987,0.9999,109712.2606035
2025-01-22 05:09:00,0.99989,0.9999,0.99989,0.99989,9339.59811802
2025-01-22 05:10:00,0.99989,0.9999,0.99989,0.99989,3778.6127859
2025-01-22 05:11:00,0.99989,0.9999,0.99989,0.99989,21733.11935753
2025-01-22 05:12:00,0.9999,0.9999,0.99989,0.99989,12812.06166077
2025-01-22 05:13:00,0.9999,0.9999,0.99989,0.99989,6772.15827197
2025-01-22 05:14:00,0.99989,0.9999,0.99989,0.9999,641.96954342
2025-01-22 05:15:00,0.99989,0.99992,0.99989,0.9999,110474.11843986
2025-01-22 05:16:00,0.99991,0.99992,0.9999,0.99991,35512.85139415
2025-01-22 05:17:00,0.99991,0.99993,0.99991,0.99993,19797.9937907
2025-01-22 05:18:00,0.99992,0.99994,0.99992,0.99994,133123.23174971
2025-01-22 05:19:00,0.99994,0.99996,0.99993,0.99995,39805.44316974
2025-01-22 05:20:00,0.99994,0.99997,0.99994,0.99997,10851.51156102
2025-01-22 05:21:00,0.99995,0.99996,0.99995,0.99996,7053.09226644
2025-01-22 05:22:00,0.99997,0.99997,0.99996,0.99996,4117.51387706
2025-01-22 05:23:00,0.99996,0.99996,0.99996,0.99996,461.2106324
2025-01-22 05:24:00,0.99996,0.99996,0.99996,0.99996,3793.37215897
2025-01-22 05:25:00,0.99996,0.99998,0.99996,0.99997,10482.9987167
2025-01-22 05:26:00,0.99997,0.99997,0.99997,0.99997,21743.41461599
2025-01-22 05:27:00,0.99998,0.99998,0.99997,0.99997,14181.91635933
2025-01-22 05:28:00,0.99997,0.99998,0.99997,0.99998,110794.72302152
2025-01-22 05:29:00,0.99998,0.99999,0.99998,0.99998,12329.82625448
2025-01-22 05:30:00,0.99998,0.99999,0.99998,0.99998,11568.87851487
2025-01-22 05:31:00,0.99998,0.99999,0.99998,0.99998,11615.23547124
2025-01-22 05:32:00,0.99998,1.0,0.99998,0.99999,210108.23639103
2025-01-22 05:33:00,1.0,1.0,0.99999,1.0,15187.90556628
2025-01-22 05:34:00,0.99999,1.0,0.99999,0.99999,17009.00118858
2025-01-22 05:35:00,0.99999,1.0,0.99999,0.99999,7224.12643197
2025-01-22 05:36:00,0.99999,1.0,0.99999,1.0,2435.29875049
2025-01-22 05:37:00,0.99999,1.00001,0.99999,1.0,20025.48024785
2025-01-22 05:38:00,1.0,1.00001,1.0,1.0,81611.10740697
2025-01-22 05:39:00,1.0,1.0,1.0,1.0,7075.3770883
2025-01-22 05:40:00,1.0,1.0,1.0,1.0,3715.36960477
2025-01-22 05:41:00,1.0,1.00001,0.99999,1.0,27284.57692001
2025-01-22 05:42:00,1.0,1.0,1.0,1.0,3362.72206698
2025-01-22 05:43:00,1.0,1.0,0.99999,0.99999,2030.00302793
2025-01-22 05:44:00,0.99999,0.99999,0.99998,0.99998,3297.19924581
2025-01-22 05:45:00,0.99998,0.99999,0.99998,0.99999,7221.86355364
2025-01-22 05:46:00,0.99998,0.99999,0.99998,0.99998,5421.24633952
2025-01-22 05:47:00,0.99998,0.99998,0.99998,0.99998,36.18502431
2025-01-22 05:48:00,0.99998,0.99998,0.99998,0.99998,2150.88031187
2025-01-22 05:49:00,0.99998,0.99999,0.99998,0.99998,55416.78568267
2025-01-22 05:50:00,0.99998,0.99999,0.99998,0.99998,10293.4086585
2025-01-22 05:51:00,0.99998,0.99999,0.99997,0.99997,30083.6393742
2025-01-22 05:52:00,0.99997,0.99998,0.99997,0.99997,45823.57245913
2025-01-22 05:53:00,0.99997,0.99998,0.99997,0.99997,5575.98392487
2025-01-22 05:54:00,0.99997,0.99998,0.99997,0.99997,43090.94279326
2025-01-22 05:55:00,0.99997,0.99998,0.99997,0.99997,34314.58993978
2025-01-22 05:56:00,0.99997,0.99998,0.99997,0.99997,8633.83774413
2025-01-22 05:57:00,0.99997,0.99997,0.99997,0.99997,1398.90489439
2025-01-22 05:58:00,0.99997,0.99998,0.99997,0.99998,103893.03942687
2025-01-22 05:59:00,0.99998,0.99999,0.99998,0.99998,2702.63865029
2025-01-22 06:00:00,0.99998,0.99999,0.99998,0.99998,53109.95507865
2025-01-22 06:01:00,0.99999,1.0,0.99998,0.99999,49236.33750176
2025-01-22 06:02:00,0.99999,1.0,0.99999,0.99999,13059.46120954
2025-01-22 06:03:00,0.99999,1.0,0.99999,0.99999,68317.69473173
2025-01-22 06:04:00,0.99999,1.0,0.99999,0.99999,2431.93855969
2025-01-22 06:05:00,0.99999,1.0,0.99998,0.99998,105185.24776112
2025-01-22 06:06:00,0.99998,0.99998,0.99995,0.99995,108211.10535823
2025-01-22 06:07:00,0.99995,0.99997,0.99995,0.99997,17545.65150353
2025-01-22 06:08:00,0.99995,0.99996,0.99995,0.99995,835.84616179
2025-01-22 06:09:00,0.99995,0.99996,0.99995,0.99996,20092.24588056
2025-01-22 06:10:00,0.99996,0.99996,0.99996,0.99996,2881.59926405
2025-01-22 06:11:00,0.99996,0.99997,0.99996,0.99996,17327.27795821
2025-01-22 06:12:00,0.99996,0.99999,0.99996,0.99998,57643.67178907
2025-01-22 06:13:00,0.99998,0.99999,0.99998,0.99998,23582.70015287
2025-01-22 06:14:00,0.99998,0.99999,0.99998,0.99998,78188.03697235
2025-01-22 06:15:00,0.99999,1.0,0.99998,1.0,10631.22288707
2025-01-22 06:16:00,0.99999,0.99999,0.99999,0.99999,30.00301221
2025-01-22 06:17:00,0.99999,1.0,0.99999,1.0,7674.58467816
2025-01-22 06:18:00,0.99999,1.0,0.99999,1.0,4453.80744906
2025-01-22 06:19:00,0.99999,1.0,0.99999,0.99999,35478.04289216
2025-01-22 06:20:00,0.99999,1.0,0.99999,0.99999,38142.7577165
2025-01-22 06:21:00,0.99999,0.99999,0.99999,0.99999,22189.55208024
2025-01-22 06:22:00,1.0,1.0,0.99999,0.99999,5479.90137374
2025-01-22 06:23:00,0.99999,1.0,0.99999,0.99999,342.35021059
2025-01-22 06:24:00,1.0,1.0,0.99999,1.0,670.79378069
2025-01-22 06:25:00,1.0,1.0,0.99998,0.99998,6317.30515136
2025-01-22 06:26:00,0.99999,1.0,0.99994,0.99995,3026854.15057743
2025-01-22 06:27:00,0.99994,0.99999,0.99994,0.99999,1173854.71660792
2025-01-22 06:28:00,0.99998,0.99999,0.99997,0.99997,6481.30788645
2025-01-22 06:29:00,0.99997,0.99997,0.99997,0.99997,1161.01788571
2025-01-22 06:30:00,0.99997,0.99997,0.99995,0.99995,4187.53685775
2025-01-22 06:31:00,0.99995,0.99995,0.99995,0.99995,935.60303425
2025-01-22 06:32:00,0.99995,0.99997,0.99995,0.99996,8088.36892796
2025-01-22 06:33:00,0.99996,0.99997,0.99996,0.99996,11180.68158713
2025-01-22 06:34:00,0.99996,0.99997,0.99996,0.99997,2970.84420804
2025-01-22 06:35:00,0.99997,0.99999,0.99997,0.99999,123944.11300849
2025-01-22 06:36:00,0.99998,0.99999,0.99998,0.99999,31766.66568872
2025-01-22 06:37:00,0.99998,1.0,0.99998,0.99999,64113.79509191
2025-01-22 06:38:00,0.99999,1.0,0.99999,0.99999,43153.37542034
2025-01-22 06:39:00,0.99999,0.99999,0.99999,0.99999,42682.5960335
2025-01-22 06:40:00,1.0,1.0,0.99998,0.99999,52558.24270039
2025-01-22 06:41:00,0.99999,1.0,0.99999,0.99999,41544.60300796
2025-01-22 06:42:00,0.99999,1.0,0.99999,0.99999,34752.41161398
2025-01-22 06:43:00,0.99999,1.0,0.99999,0.99999,51062.32205135
2025-01-22 06:44:00,0.99999,0.99999,0.99999,0.99999,60038.6328325
2025-01-22 06:45:00,0.99999,1.0,0.99998,0.99998,66773.24399031
2025-01-22 06:46:00,0.99998,0.99998,0.99997,0.99997,39000.80864761
2025-01-22 06:47:00,0.99998,0.99998,0.99998,0.99998,22698.66507372
2025-01-22 06:48:00,0.99998,0.99999,0.99998,0.99998,22963.63869098
2025-01-22 06:49:00,0.99998,1.0,0.99998,0.99999,25298.69725608
2025-01-22 06:50:00,0.99999,1.0,0.99999,0.99999,79135.19826385
2025-01-22 06:51:00,0.99999,0.99999,0.99997,0.99997,23610.35255203
2025-01-22 06:52:00,0.99997,0.99997,0.99997,0.99997,16957.18300311
2025-01-22 06:53:00,0.99997,0.99998,0.99996,0.99996,21575.06057178
2025-01-22 06:54:00,0.99996,0.99997,0.99996,0.99997,13815.83503233
2025-01-22 06:55:00,0.99997,0.99997,0.99995,0.99995,17105.03018128
2025-01-22 06:56:00,0.99996,0.99997,0.99996,0.99997,4215.47676222
2025-01-22 06:57:00,0.99995,0.99997,0.99995,0.99997,105526.08035254
2025-01-22 06:58:00,0.99998,1.00001,0.99997,1.00001,1198746.91502255
2025-01-22 06:59:00,1.00001,1.00001,0.99995,0.99995,125191.05672745
2025-01-22 07:00:00,0.99995,0.99996,0.99995,0.99995,43727.69230771
2025-01-22 07:01:00,0.99996,0.99996,0.99995,0.99995,6623.23465946
2025-01-22 07:02:00,0.99995,0.99995,0.99995,0.99995,4588.02405829
2025-01-22 07:03:00,0.99996,1.00001,0.99995,1.0,1621020.33130314
2025-01-22 07:04:00,1.0,1.00001,1.0,1.00001,5210.33893403
2025-01-22 07:05:00,1.00001,1.00002,1.0,1.00002,11648.25139693
2025-01-22 07:06:00,1.00002,1.00002,1.0,1.00002,215324.69975397
2025-01-22 07:07:00,1.0,1.00002,1.0,1.00001,25899.06620426
2025-01-22 07:08:00,1.00001,1.00001,0.99999,0.99999,5573.55138026
2025-01-22 07:09:00,0.99999,1.0,0.99998,0.99998,315926.4048207
2025-01-22 07:10:00,0.99998,0.99999,0.99997,0.99999,603979.09375825
2025-01-22 07:11:00,0.99999,0.99999,0.99997,0.99999,47071.44865393
2025-01-22 07:12:00,0.99999,1.0,0.99999,1.0,8332.08889889
2025-01-22 07:13:00,0.99999,1.0,0.99998,0.99998,4068.10543888
2025-01-22 07:14:00,0.99999,0.99999,0.99997,0.99998,23314.14784995
2025-01-22 07:15:00,0.99997,0.99997,0.99996,0.99997,152572.85333577
2025-01-22 07:16:00,0.99996,0.99997,0.99996,0.99996,122225.26194273
2025-01-22 07:17:00,0.99997,0.99997,0.99996,0.99996,23073.11578374
2025-01-22 07:18:00,0.99996,0.99999,0.99996,0.99997,193231.69872284
2025-01-22 07:19:00,0.99997,0.99998,0.99997,0.99997,2930.87774597
2025-01-22 07:20:00,0.99997,0.99998,0.99997,0.99998,1163.9711296
2025-01-22 07:21:00,0.99997,0.99999,0.99997,0.99999,107398.41205592
2025-01-22 07:22:00,0.99999,1.0,0.99998,1.0,113390.97356143
2025-01-22 07:23:00,0.99999,1.0,0.99999,0.99999,162108.89980611
2025-01-22 07:24:00,1.0,1.0,0.99999,0.99999,39719.26703745
2025-01-22 07:25:00,0.99999,1.0,0.99999,1.0,41359.1174404
2025-01-22 07:26:00,0.99999,1.0,0.99999,1.0,548225.96290405
2025-01-22 07:27:00,0.99999,1.00001,0.99999,1.0,676169.53148162
2025-01-22 07:28:00,1.0,1.00001,1.0,1.00001,34315.64227729
2025-01-22 07:29:00,1.0,1.00001,1.0,1.0,24076.78660552
2025-01-22 07:30:00,1.00001,1.00001,0.99997,0.99997,39750.90082368
2025-01-22 07:31:00,0.99997,1.0,0.99997,0.99999,197215.72797888
2025-01-22 07:32:00,0.99998,1.00001,0.99998,1.00001,63173.22884386
2025-01-22 07:33:00,1.0,1.00001,1.0,1.00001,995374.54750806
2025-01-22 07:34:00,1.00002,1.00002,1.00001,1.00001,2764.59243829
2025-01-22 07:35:00,1.00001,1.00002,1.00001,1.00001,54916.92716058
2025-01-22 07:36:00,1.00002,1.00002,1.00001,1.00001,490.54979491
2025-01-22 07:37:00,1.00001,1.00002,1.00001,1.00001,2003.71788115
2025-01-22 07:38:00,1.00002,1.00002,1.00001,1.00001,1468.17616352
2025-01-22 07:39:00,1.00001,1.00002,1.00001,1.00001,923.92471422
2025-01-22 07:40:00,1.00001,1.00002,1.00001,1.00002,1005647.62872671
2025-01-22 07:41:00,1.00002,1.00003,1.00002,1.00003,410575.91117017
2025-01-22 07:42:00,1.00003,1.00003,1.00002,1.00003,994.53597062
2025-01-22 07:43:00,1.00003,1.00003,1.00002,1.00003,2398.643521
2025-01-22 07:44:00,1.00003,1.00007,1.00003,1.00007,2845175.97343016
2025-01-22 07:45:00,1.00005,1.00007,1.00004,1.00004,203909.35260584
2025-01-22 07:46:00,1.00004,1.00005,1.00003,1.00004,11713.5181594
2025-01-22 07:47:00,1.00003,1.00004,1.00002,1.00003,5752.56953176
2025-01-22 07:48:00,1.00003,1.00003,1.00001,1.00001,50794.03852291
2025-01-22 07:49:00,1.00001,1.00002,0.99992,0.99992,468682.5202157
2025-01-22 07:50:00,0.99996,0.99997,0.99994,0.99995,28217.81035268
2025-01-22 07:51:00,0.99994,0.99995,0.99994,0.99994,3264.62854209
2025-01-22 07:52:00,0.99994,0.99995,0.99994,0.99994,5428.87544878
2025-01-22 07:53:00,0.99994,1.00002,0.99993,0.99994,438121.81023833
2025-01-22 07:54:00,0.99994,0.99995,0.99994,0.99995,930.47252144
2025-01-22 07:55:00,0.99994,0.99994,0.99993,0.99993,3632.07479517
2025-01-22 07:56:00,0.99993,0.99995,0.99993,0.99994,56001.39905289
2025-01-22 07:57:00,0.99994,0.99995,0.99994,0.99995,206.57849454
2025-01-22 07:58:00,0.99994,0.99995,0.99994,0.99994,952.91653141
2025-01-22 07:59:00,0.99994,1.00003,0.99994,1.00003,516254.14374598
2025-01-22 08:00:00,1.00003,1.00003,1.00002,1.00003,87.3076946
2025-01-22 08:01:00,1.00003,1.00003,1.00003,1.00003,0.0
2025-01-22 08:02:00,1.00003,1.00003,1.00003,1.00003,0.0
2025-01-22 08:03:00,1.00003,1.00003,1.00003,1.00003,0.0
2025-01-22 08:04:00,1.00003,1.00003,1.00003,1.00003,0.0
2025-01-22 08:05:00,1.00003,1.00003,1.00003,1.00003,0.0
2025-01-22 08:06:00,1.00003,1.00003,1.00003,1.00003,0.0
2025-01-22 08:07:00,1.00003,1.00003,1.00003,1.00003,0.0
2025-01-22 08:08:00,1.00003,1.00003,1.00003,1.00003,0.0
2025-01-22 08:09:00,1.00003,1.00003,1.00003,1.00003,0.0
2025-01-22 08:10:00,1.00004,1.00019,1.00004,1.00009,28886.96665076
2025-01-22 08:11:00,1.00008,1.00011,1.00007,1.00008,21610.63428632
2025-01-22 08:12:00,1.00008,1.00008,1.00001,1.00004,596737.97714628
2025-01-22 08:13:00,1.00004,1.00005,1.00002,1.00003,1026180.99908007
2025-01-22 08:14:00,1.00003,1.00005,1.00003,1.00004,10162.63514977
2025-01-22 08:15:00,1.00004,1.00005,1.00004,1.00004,50349.43385745
2025-01-22 08:16:00,1.00004,1.00004,1.00001,1.00003,502364.11816317
2025-01-22 08:17:00,1.00004,1.0001,1.00004,1.00008,278088.88186472
2025-01-22 08:18:00,1.00008,1.00009,1.00007,1.00009,111854.40630383
2025-01-22 08:19:00,1.00006,1.00009,1.00006,1.00008,24128.55633706
2025-01-22 08:20:00,1.00006,1.00007,1.00006,1.00007,4808.52875094
2025-01-22 08:21:00,1.00008,1.00012,0.99958,1.00001,2123109.97875586
2025-01-22 08:22:00,1.00001,1.00002,0.99938,1.00002,2064903.59193808
2025-01-22 08:23:00,1.00001,1.00003,0.99824,1.0,5671736.63245216
2025-01-22 08:24:00,1.00001,1.00003,1.0,1.00003,209561.88326511
2025-01-22 08:25:00,1.00002,1.00005,1.00002,1.00005,16905.29691302
2025-01-22 08:26:00,1.00004,1.00009,1.00004,1.00009,134958.21196918
2025-01-22 08:27:00,1.00008,1.00009,1.00002,1.00002,28389.57649034
2025-01-22 08:28:00,1.00001,1.00002,1.00001,1.00002,2013.56819339
2025-01-22 08:29:00,1.00002,1.00002,1.0,1.00001,9996.09123355
2025-01-22 08:30:00,1.00001,1.00001,1.0,1.0,7425.80455048
2025-01-22 08:31:00,1.00001,1.00003,1.0,1.00001,54068.43575531
2025-01-22 08:32:00,1.00001,1.00003,1.0,1.00002,4560.55224581
2025-01-22 08:33:00,1.00001,1.00003,1.00001,1.00003,63196.06303416
2025-01-22 08:34:00,1.00002,1.00003,1.00001,1.00002,48172.90740884
2025-01-22 08:35:00,1.00001,1.00003,1.00001,1.00003,1756637.25017433
2025-01-22 08:36:00,1.00002,1.00004,1.00002,1.00004,277321.95614366
2025-01-22 08:37:00,1.00004,1.00006,1.00002,1.00002,51533.07144066
2025-01-22 08:38:00,1.00001,1.00001,0.99999,1.00001,8721.99341983
2025-01-22 08:39:00,1.00001,1.00001,0.99999,1.0,18808.82808376
2025-01-22 08:40:00,1.0,1.00001,1.0,1.00001,3444.69355558
2025-01-22 08:41:00,1.0,1.00001,1.0,1.0,12408.39410625
2025-01-22 08:42:00,1.0,1.00001,1.0,1.0,162405.22290744
2025-01-22 08:43:00,1.0,1.00001,1.0,1.00001,119376.85487371
2025-01-22 08:44:00,1.0,1.00001,1.0,1.0,2876.50887221
2025-01-22 08:45:00,1.0,1.00001,1.0,1.00001,9508.14805858
2025-01-22 08:46:00,1.0,1.00001,1.0,1.0,21357.71599835
2025-01-22 08:47:00,1.0,1.00001,1.0,1.00001,103307.72600953
2025-01-22 08:48:00,1.0,1.00001,0.99998,0.99999,1809299.49274749
2025-01-22 08:49:00,0.99999,0.99999,0.99998,0.99999,6407.8356592
2025-01-22 08:50:00,0.99999,0.99999,0.99998,0.99999,21302.44105283
2025-01-22 08:51:00,0.99999,1.0,0.99998,0.99998,42618.30822083
2025-01-22 08:52:00,0.99998,0.99999,0.99998,0.99999,667.1553976
2025-01-22 08:53:00,0.99998,0.99999,0.99998,0.99999,496.98845234
2025-01-22 08:54:00,0.99998,0.99999,0.99998,0.99998,1579.6739913
2025-01-22 08:55:00,0.99998,0.99999,0.99998,0.99998,43219.79997905
2025-01-22 08:56:00,0.99999,0.99999,0.99998,0.99999,7570.862984
2025-01-22 08:57:00,0.99999,0.99999,0.99998,0.99998,19183.3792853
2025-01-22 08:58:00,0.99998,0.99998,0.99998,0.99998,1708.0
2025-01-22 08:59:00,0.99999,0.99999,0.99998,0.99998,2487.96518203
2025-01-22 09:00:00,0.99999,1.0,0.99998,1.0,108022.22954653
2025-01-22 09:01:00,0.99999,1.00001,0.99999,1.00001,253162.68406027
2025-01-22 09:02:00,1.0,1.00002,1.0,1.00001,83705.43826327
2025-01-22 09:03:00,1.00002,1.00002,1.00001,1.00002,523552.2367051
2025-01-22 09:04:00,1.00002,1.00002,1.00001,1.00001,16402.02654714
2025-01-22 09:05:00,1.00002,1.00003,1.00001,1.00003,389938.75735215
2025-01-22 09:06:00,1.00002,1.00003,1.00002,1.00003,31898.23486639
2025-01-22 09:07:00,1.00002,1.00003,1.00002,1.00003,58670.6426701
2025-01-22 09:08:00,1.00002,1.00003,1.00002,1.00002,16496.6251772
2025-01-22 09:09:00,1.00002,1.00003,1.00002,1.00003,146965.74475371
2025-01-22 09:10:00,1.00002,1.00003,1.00002,1.00002,74603.37780294
2025-01-22 09:11:00,1.00002,1.00002,0.99999,1.0,1875229.36141668
2025-01-22 09:12:00,1.0,1.0,0.99999,1.0,1738340.13598395
2025-01-22 09:13:00,0.99999,1.0,0.99999,1.0,106378.06336063
2025-01-22 09:14:00,0.99999,1.00002,0.99999,1.00001,209271.7057114
2025-01-22 09:15:00,1.0,1.00003,1.0,1.00002,248720.73138028
2025-01-22 09:16:00,1.00002,1.00002,1.00001,1.00002,5076.36737614
2025-01-22 09:17:00,1.00002,1.00002,1.00001,1.00001,49080.12688348
2025-01-22 09:18:00,1.00002,1.00002,1.00001,1.00002,2909.68635508
2025-01-22 09:19:00,1.00002,1.00004,1.00001,1.00003,196740.7783827
2025-01-22 09:20:00,1.00003,1.00004,1.00003,1.00004,10276.25802519
2025-01-22 09:21:00,1.00004,1.00004,1.00003,1.00003,291837.44757594
2025-01-22 09:22:00,1.00001,1.00001,1.0,1.00001,67879.58690275
2025-01-22 09:23:00,1.0,1.00001,1.0,1.00001,27560.39959734
2025-01-22 09:24:00,1.0,1.00001,1.0,1.00001,3075.34650997
2025-01-22 09:25:00,1.0,1.00001,1.0,1.0,17542.60882847
2025-01-22 09:26:00,1.00001,1.00001,1.00001,1.00001,303.8837
2025-01-22 09:27:00,1.0,1.00001,1.0,1.00001,239186.43225838
2025-01-22 09:28:00,1.0,1.00001,1.0,1.0,33845.8231601
2025-01-22 09:29:00,1.0,1.00001,1.0,1.00001,6888.33608918
2025-01-22 09:30:00,1.00001,1.00001,1.0,1.00001,3084.2754
2025-01-22 09:31:00,1.0,1.00001,1.0,1.0,23643.67721355
2025-01-22 09:32:00,1.0,1.0,1.0,1.0,2394.78394188
2025-01-22 09:33:00,1.0,1.0,1.0,1.0,0.0
2025-01-22 09:34:00,1.0,1.00001,1.0,1.0,117580.85252366
2025-01-22 09:35:00,1.0,1.00001,1.0,1.00001,30150.46208872
2025-01-22 09:36:00,1.0,1.0,1.0,1.0,555.505995
2025-01-22 09:37:00,1.0,1.0,1.0,1.0,2061.04649
2025-01-22 09:38:00,1.0,1.0,1.0,1.0,201298.0
2025-01-22 09:39:00,1.0,1.0,1.0,1.0,19943.46820331
2025-01-22 09:40:00,1.00001,1.00001,1.0,1.00001,645406.28567899
2025-01-22 09:41:00,1.0,1.00001,0.99998,0.99998,62153.10131158
2025-01-22 09:42:00,0.99999,0.99999,0.99998,0.99998,10353.67598285
2025-01-22 09:43:00,0.99998,0.99999,0.99998,0.99998,42895.77606576
2025-01-22 09:44:00,0.99998,0.99998,0.99998,0.99998,14705.04
2025-01-22 09:45:00,0.99998,0.99999,0.99998,0.99999,1698.8557
2025-01-22 09:46:00,0.99999,1.0,0.99999,1.0,4057.42543327
2025-01-22 09:47:00,0.99999,1.00001,0.99999,1.00001,63874.58975534
2025-01-22 09:48:00,1.0,1.00002,1.0,1.00001,353460.01304072
2025-01-22 09:49:00,1.00001,1.00002,1.00001,1.00001,89732.64661117
2025-01-22 09:50:00,1.00002,1.00004,1.00001,1.00001,312585.61652278
2025-01-22 09:51:00,1.00001,1.00002,0.99995,0.99995,365649.44698224
2025-01-22 09:52:00,0.99995,0.99996,0.99995,0.99995,176899.34244434
2025-01-22 09:53:00,0.99995,0.99996,0.99995,0.99996,32739.85988326
2025-01-22 09:54:00,0.99995,0.99996,0.99995,0.99996,2745.59547449
2025-01-22 09:55:00,0.99995,0.99998,0.99995,0.99996,701039.85109141
2025-01-22 09:56:00,0.99995,0.99999,0.99995,0.99999,606210.96695687
2025-01-22 09:57:00,0.99996,0.99999,0.99995,0.99997,532808.14292469
2025-01-22 09:58:00,0.99996,0.99999,0.99996,0.99997,111828.84460232
2025-01-22 09:59:00,0.99998,1.0,0.99997,0.99998,279494.82772986
2025-01-22 10:00:00,0.99997,0.99997,0.99997,0.99997,3010.54059841
2025-01-22 10:01:00,0.99997,0.99999,0.99997,0.99998,29409.63632883
2025-01-22 10:02:00,0.99999,0.99999,0.99998,0.99999,34670.75427682
2025-01-22 10:03:00,0.99998,1.00002,0.99998,1.0,203970.61626678
2025-01-22 10:04:00,1.0,1.00001,0.99999,1.0,381348.34322716
2025-01-22 10:05:00,0.99999,1.0,0.99999,0.99999,110747.61877917
2025-01-22 10:06:00,0.99999,1.0,0.99999,0.99999,16739.51804854
2025-01-22 10:07:00,0.99999,1.0,0.99999,1.0,36190.09998322
2025-01-22 10:08:00,1.0,1.0,0.99999,0.99999,10085.90500313
2025-01-22 10:09:00,1.0,1.0,0.99999,0.99999,5283.63278932
2025-01-22 10:10:00,0.99999,1.0,0.99999,1.0,57907.59433486
2025-01-22 10:11:00,0.99999,1.0,0.99999,0.99999,48458.03230113
2025-01-22 10:12:00,0.99999,1.00008,0.99998,1.00008,2107044.68678195
2025-01-22 10:13:00,1.00008,1.00009,1.00007,1.00008,116192.48835532
2025-01-22 10:14:00,1.00007,1.00008,1.00005,1.00006,639797.23067999
2025-01-22 10:15:00,1.00005,1.00005,1.00003,1.00003,559508.79918514
2025-01-22 10:16:00,1.00003,1.00004,1.00003,1.00003,51198.00320819
2025-01-22 10:17:00,1.00003,1.00004,1.00003,1.00003,42736.78135934
2025-01-22 10:18:00,1.00003,1.00004,1.00003,1.00004,67791.56318028
2025-01-22 10:19:00,1.00003,1.00003,0.99995,0.99995,606141.78934271
2025-01-22 10:20:00,0.99995,0.99996,0.99993,0.99993,315755.69517342
2025-01-22 10:21:00,0.99993,0.99993,0.99991,0.99992,6778.38087066
2025-01-22 10:22:00,0.99991,0.99992,0.99991,0.99991,8030.53384177
2025-01-22 10:23:00,0.99992,0.99992,0.99991,0.99992,3503.54957782
2025-01-22 10:24:00,0.99991,0.99993,0.99991,0.99992,79366.06408724
2025-01-22 10:25:00,0.99991,0.99992,0.99991,0.99991,9698.68500243
2025-01-22 10:26:00,0.99991,0.99992,0.99991,0.99992,25336.38218494
2025-01-22 10:27:00,0.99991,0.99992,0.99989,0.99989,795963.73605634
2025-01-22 10:28:00,0.9999,0.99991,0.99989,0.9999,154863.02421169
2025-01-22 10:29:00,0.99989,0.9999,0.99989,0.9999,1576.07756066
2025-01-22 10:30:00,0.99989,0.9999,0.99988,0.9999,16790.19057209
2025-01-22 10:31:00,0.9999,0.9999,0.9999,0.9999,1984.22238629
2025-01-22 10:32:00,0.99989,0.9999,0.99988,0.99989,13231.63103652
2025-01-22 10:33:00,0.99989,0.99991,0.99989,0.99991,30220.19576268
2025-01-22 10:34:00,0.9999,0.9999,0.9999,0.9999,12315.68432442
2025-01-22 10:35:00,0.9999,0.99991,0.9999,0.99991,2369.20964553
2025-01-22 10:36:00,0.99991,0.99991,0.9999,0.99991,15820.56751105
2025-01-22 10:37:00,0.9999,0.99991,0.9999,0.99991,103447.95414072
2025-01-22 10:38:00,0.99991,0.99993,0.99991,0.99993,27554.75318209
2025-01-22 10:39:00,0.99991,0.99993,0.99991,0.99993,8481.39495553
2025-01-22 10:40:00,0.99992,0.99993,0.99992,0.99993,4127.70289357
2025-01-22 10:41:00,0.99992,0.99993,0.99992,0.99992,757.06416792
2025-01-22 10:42:00,0.99992,0.99992,0.9999,0.99991,11711.88580441
2025-01-22 10:43:00,0.99992,0.99992,0.99991,0.99992,4305.71493732
2025-01-22 10:44:00,0.99992,0.99992,0.99991,0.99991,4427.183
2025-01-22 10:45:00,0.99991,0.99991,0.9999,0.99991,78906.06681016
2025-01-22 10:46:00,0.99991,0.99991,0.9999,0.99991,10364.59538769
2025-01-22 10:47:00,0.9999,0.9999,0.99989,0.9999,3320.54613122
2025-01-22 10:48:00,0.99989,0.99991,0.99989,0.99989,11281.40516651
2025-01-22 10:49:00,0.9999,0.99991,0.9999,0.9999,10523.25128464
2025-01-22 10:50:00,0.9999,0.9999,0.9999,0.9999,1141.11411141
2025-01-22 10:51:00,0.9999,0.99991,0.9999,0.9999,30246.18069719
2025-01-22 10:52:00,0.9999,0.99991,0.9999,0.99991,2761.48076922
2025-01-22 10:53:00,0.9999,0.99991,0.9999,0.99991,52545.92288929
2025-01-22 10:54:00,0.9999,0.99991,0.99989,0.99989,37418.38286763
2025-01-22 10:55:00,0.99989,0.9999,0.99989,0.9999,7804.76960243
2025-01-22 10:56:00,0.99989,0.9999,0.99989,0.9999,7009.74925657
2025-01-22 10:57:00,0.99989,0.9999,0.99989,0.9999,2331.5855341
2025-01-22 10:58:00,0.9999,0.99991,0.9999,0.99991,4381.61627818
2025-01-22 10:59:00,0.9999,0.9999,0.9999,0.9999,1930.99469363
2025-01-22 11:00:00,0.9999,0.99992,0.9999,0.99992,6454.44268815
2025-01-22 11:01:00,0.99991,0.99992,0.99991,0.99992,16899.49224827
2025-01-22 11:02:00,0.99991,0.99991,0.99991,0.99991,238.02142192
2025-01-22 11:03:00,0.99992,0.99992,0.99991,0.99992,11715.43867789
2025-01-22 11:04:00,0.99991,0.99992,0.99991,0.99992,6525.51437619
2025-01-22 11:05:00,0.99991,0.99996,0.99991,0.99995,26329.49771018
2025-01-22 11:06:00,0.99995,0.99995,0.99994,0.99994,1514.63563367
2025-01-22 11:07:00,0.99994,0.99995,0.99991,0.99991,83909.92074155
2025-01-22 11:08:00,0.99993,0.99993,0.99985,0.99991,109649.26968219
2025-01-22 11:09:00,0.99991,0.99996,0.99991,0.99996,41226.2857897
2025-01-22 11:10:00,0.99995,0.99996,0.99984,0.99984,39482.34807907
2025-01-22 11:11:00,0.99992,0.99992,0.99984,0.99991,9603.0728
2025-01-22 11:12:00,0.9999,0.99991,0.9999,0.99991,3148.54233439
2025-01-22 11:13:00,0.9999,0.99992,0.9999,0.99991,21765.3703513
2025-01-22 11:14:00,0.9999,0.9999,0.99985,0.9999,14068.03254812
2025-01-22 11:15:00,0.9999,0.9999,0.99985,0.99989,6720.78048702
2025-01-22 11:16:00,0.9999,0.9999,0.99989,0.9999,3086.02396851
2025-01-22 11:17:00,0.99989,0.99989,0.99981,0.99987,65485.01240445
2025-01-22 11:18:00,0.99988,0.9999,0.99983,0.99988,14153.28332662
2025-01-22 11:19:00,0.99988,0.9999,0.99988,0.9999,22174.12085343
2025-01-22 11:20:00,0.99989,0.99991,0.99989,0.99991,7072.58922408
2025-01-22 11:21:00,0.9999,0.99991,0.9999,0.99991,2862.42707205
2025-01-22 11:22:00,0.9999,0.99993,0.9999,0.99991,57179.02428909
2025-01-22 11:23:00,0.99992,0.99995,0.9999,0.99995,24808.73339456
2025-01-22 11:24:00,0.99994,0.99995,0.99994,0.99995,9046.26754749
2025-01-22 11:25:00,0.99994,1.0,0.99991,0.99994,453256.57241112
2025-01-22 11:26:00,0.99994,0.99995,0.99993,0.99993,10740.99750122
2025-01-22 11:27:00,0.99995,0.99995,0.99994,0.99994,810.018232
2025-01-22 11:28:00,0.99994,0.99995,0.99991,0.99992,186515.33752134
2025-01-22 11:29:00,0.99991,0.99993,0.99991,0.99993,3841.16435513
2025-01-22 11:30:00,0.99992,0.99993,0.99992,0.99993,8974.44017165
2025-01-22 11:31:00,0.99992,0.99993,0.99992,0.99992,10606.96990084
2025-01-22 11:32:00,0.99992,0.99993,0.99991,0.99992,19807.68149902
2025-01-22 11:33:00,0.99993,0.99996,0.99992,0.99996,264073.75527392
2025-01-22 11:34:00,0.99997,0.99997,0.99995,0.99995,4112.03018143
2025-01-22 11:35:00,0.99996,0.99997,0.99994,0.99995,11275.09381558
2025-01-22 11:36:00,0.99994,0.99996,0.99994,0.99995,26443.75804971
2025-01-22 11:37:00,0.99995,0.99996,0.99995,0.99996,12388.54963605
2025-01-22 11:38:00,0.99996,0.99996,0.99995,0.99996,5036.55474418
2025-01-22 11:39:00,0.99996,0.99996,0.99994,0.99995,6020.95603586
2025-01-22 11:40:00,0.99995,0.99995,0.99992,0.99992,20932.29382333
2025-01-22 11:41:00,0.99993,0.99993,0.99991,0.99991,78531.18631626
2025-01-22 11:42:00,0.99991,0.99993,0.99991,0.99991,54789.12598827
2025-01-22 11:43:00,0.99991,0.99993,0.9999,0.99993,37928.91069739
2025-01-22 11:44:00,0.99992,0.99993,0.99991,0.99991,33151.2841057
2025-01-22 11:45:00,0.99993,0.99993,0.99991,0.99992,205779.77672405
2025-01-22 11:46:00,0.99992,0.99993,0.99992,0.99993,20120.12806102
2025-01-22 11:47:00,0.99992,0.99993,0.99992,0.99992,32929.84164228
2025-01-22 11:48:00,0.99992,1.0,0.99992,1.0,260509.78506595
2025-01-22 11:49:00,0.99999,1.0,0.99997,0.99997,25902.14293677
2025-01-22 11:50:00,0.99997,0.99998,0.99995,0.99998,142919.77656853
2025-01-22 11:51:00,0.99995,0.99995,0.99995,0.99995,13531.16018144
2025-01-22 11:52:00,0.99994,0.99994,0.99992,0.99992,1979.85227502
2025-01-22 11:53:00,0.99991,0.99991,0.9999,0.99991,12308.49542449
2025-01-22 11:54:00,0.99989,0.99989,0.99989,0.99989,7336.1180907
2025-01-22 11:55:00,0.9999,0.99991,0.99989,0.9999,261025.26699002
2025-01-22 11:56:00,0.99991,0.99991,0.9999,0.9999,68968.67563443
2025-01-22 11:57:00,0.9999,0.99991,0.9999,0.99991,1358.386637
2025-01-22 11:58:00,0.9999,0.99991,0.9999,0.99991,36731.65857903
2025-01-22 11:59:00,0.99991,0.99991,0.99987,0.99988,93421.18485049
2025-01-22 12:00:00,0.99988,0.99989,0.99985,0.99985,16009.45673201
2025-01-22 12:01:00,0.99985,0.99987,0.99985,0.99986,111622.36250079
2025-01-22 12:02:00,0.99986,0.99987,0.99986,0.99987,48338.20054463
2025-01-22 12:03:00,0.99987,0.99987,0.99986,0.99986,81415.75515104
2025-01-22 12:04:00,0.99986,0.99987,0.99986,0.99987,11050.96617725
2025-01-22 12:05:00,0.99986,0.99988,0.99986,0.99987,129412.20623583
2025-01-22 12:06:00,0.99988,0.99989,0.99987,0.99989,28211.33328391
2025-01-22 12:07:00,0.99988,0.99989,0.99988,0.99989,26095.28956238
2025-01-22 12:08:00,0.99989,0.9999,0.99989,0.99989,11287.34154096
2025-01-22 12:09:00,0.99989,0.9999,0.99989,0.99989,4510.67512392
2025-01-22 12:10:00,0.9999,0.9999,0.9999,0.9999,527.11100621
2025-01-22 12:11:00,0.99989,0.9999,0.99989,0.99989,7279.16579607
2025-01-22 12:12:00,0.9999,0.9999,0.99989,0.9999,307855.43560162
2025-01-22 12:13:00,0.9999,0.9999,0.99989,0.9999,22322.70001233
2025-01-22 12:14:00,0.99989,0.99991,0.99989,0.9999,19816.49234386
2025-01-22 12:15:00,0.9999,0.99991,0.99989,0.9999,120575.05529863
2025-01-22 12:16:00,0.9999,0.99991,0.9999,0.99991,8078.8062523
2025-01-22 12:17:00,0.9999,0.99993,0.9999,0.99993,125795.08405347
2025-01-22 12:18:00,0.99992,0.99994,0.99992,0.99992,307966.978258
2025-01-22 12:19:00,0.99992,0.99994,0.99992,0.99992,704952.17647519
2025-01-22 12:20:00,0.99992,0.99994,0.99992,0.99993,323754.3104132
2025-01-22 12:21:00,0.99993,0.99994,0.99993,0.99994,2218.21164872
2025-01-22 12:22:00,0.99993,0.99994,0.99993,0.99994,2513.85980957
2025-01-22 12:23:00,0.99994,0.99994,0.99993,0.99994,8745.3144948
2025-01-22 12:24:00,0.99993,0.99994,0.99993,0.99994,11633.51011512
2025-01-22 12:25:00,0.99994,0.99996,0.99994,0.99996,19884.43402244
2025-01-22 12:26:00,0.99994,0.99996,0.99994,0.99996,732.40296023
2025-01-22 12:27:00,0.99996,1.0,0.99995,0.99999,619113.97337128
2025-01-22 12:28:00,0.99999,1.0,0.99989,0.99997,1065912.81589331
2025-01-22 12:29:00,0.99996,0.99997,0.99996,0.99996,102104.5846558
2025-01-22 12:30:00,0.99997,0.99997,0.99986,0.99986,609367.01745742
2025-01-22 12:31:00,0.99987,0.99989,0.99987,0.99988,122534.27572365
2025-01-22 12:32:00,0.99988,0.99989,0.99988,0.99988,31462.89339383
2025-01-22 12:33:00,0.99988,0.99989,0.99988,0.99989,21571.41485861
2025-01-22 12:34:00,0.99989,0.99989,0.99988,0.99988,3406.56644818
2025-01-22 12:35:00,0.99988,0.99989,0.99988,0.99988,8866.15724372
2025-01-22 12:36:00,0.99988,0.99988,0.99987,0.99987,35919.6306178
2025-01-22 12:37:00,0.99987,0.99988,0.99987,0.99988,11244.28631381
2025-01-22 12:38:00,0.99987,0.99997,0.99987,0.99996,596539.82192947
2025-01-22 12:39:00,0.99995,0.99996,0.99995,0.99996,45078.99055814
2025-01-22 12:40:00,0.99995,0.99996,0.99995,0.99995,17033.88937038
2025-01-22 12:41:00,0.99995,0.99996,0.99995,0.99995,36790.16107603
2025-01-22 12:42:00,0.99995,0.99996,0.99995,0.99996,21874.90021934
2025-01-22 12:43:00,0.99996,0.99996,0.99995,0.99995,27243.52689349
2025-01-22 12:44:00,0.99995,0.99996,0.99995,0.99996,15718.11564048
2025-01-22 12:45:00,0.99995,0.99996,0.99995,0.99996,8595.6408588
2025-01-22 12:46:00,0.99995,0.99996,0.99995,0.99996,489.46355236
2025-01-22 12:47:00,0.99995,0.99996,0.99995,0.99995,2597.17841648
2025-01-22 12:48:00,0.99995,0.99996,0.99995,0.99996,1842.57859876
2025-01-22 12:49:00,0.99996,0.99996,0.99996,0.99996,23902.69583562
2025-01-22 12:50:00,0.99996,0.99996,0.99995,0.99995,22448.11863018
2025-01-22 12:51:00,0.99996,0.99996,0.99995,0.99995,313763.6734924
2025-01-22 12:52:00,0.99995,0.99998,0.99995,0.99998,131436.93754753
2025-01-22 12:53:00,0.99998,0.99999,0.99998,0.99999,113077.82005861
2025-01-22 12:54:00,0.99999,0.99999,0.99998,0.99998,13575.8979633
2025-01-22 12:55:00,0.99998,0.99999,0.99998,0.99999,5852.47317185
2025-01-22 12:56:00,0.99998,0.99999,0.99998,0.99998,68231.03892378
2025-01-22 12:57:00,0.99997,0.99998,0.99997,0.99997,1349.86945186
2025-01-22 12:58:00,0.99997,0.99998,0.99997,0.99998,14508.12417272
2025-01-22 12:59:00,0.99998,0.99998,0.99996,0.99996,18186.7483786
2025-01-22 13:00:00,0.99995,0.99996,0.99995,0.99996,4676.32747969
2025-01-22 13:01:00,0.99995,0.99996,0.99995,0.99995,27503.36969645
2025-01-22 13:02:00,0.99995,0.99995,0.99992,0.99992,61406.57593793
2025-01-22 13:03:00,0.99991,0.99995,0.99991,0.99994,107912.27135883
2025-01-22 13:04:00,0.99994,0.99995,0.99994,0.99995,41144.76833752
2025-01-22 13:05:00,0.99995,0.99996,0.99995,0.99996,92464.20212491
2025-01-22 13:06:00,0.99996,0.99996,0.99995,0.99995,20514.16954987
2025-01-22 13:07:00,0.99995,0.99996,0.99995,0.99995,28151.24290631
2025-01-22 13:08:00,0.99995,0.99997,0.99995,0.99996,260177.80585728
2025-01-22 13:09:00,0.99996,0.99996,0.99994,0.99995,64443.59861876
2025-01-22 13:10:00,0.99996,0.99996,0.99994,0.99994,32729.9419026
2025-01-22 13:11:00,0.99993,0.99994,0.99993,0.99993,32911.1804751
2025-01-22 13:12:00,0.99994,0.99994,0.99992,0.99993,26872.73443132
2025-01-22 13:13:00,0.99992,0.99996,0.99992,0.99996,31384.31933924
2025-01-22 13:14:00,0.99996,0.99997,0.99995,0.99996,160869.39393114
2025-01-22 13:15:00,0.99997,0.99997,0.99996,0.99996,23241.43899153
2025-01-22 13:16:00,0.99997,0.99997,0.99996,0.99997,122593.46274223
2025-01-22 13:17:00,0.99996,0.99997,0.99996,0.99997,23147.41647589
2025-01-22 13:18:00,0.99996,0.99997,0.99996,0.99997,40875.98029372
2025-01-22 13:19:00,0.99996,0.99997,0.99995,0.99995,6944.14161802
2025-01-22 13:20:00,0.99996,0.99997,0.99996,0.99996,15262.06805703
2025-01-22 13:21:00,0.99996,0.99996,0.99988,0.99988,350160.41806423
2025-01-22 13:22:00,0.99987,0.99988,0.99987,0.99988,52965.62655752
2025-01-22 13:23:00,0.99988,0.99988,0.99987,0.99988,39304.06064164
2025-01-22 13:24:00,0.99987,0.99988,0.99987,0.99987,897.57382355
2025-01-22 13:25:00,0.99988,0.99988,0.99987,0.99987,11010.8854203
2025-01-22 13:26:00,0.99987,0.99988,0.99987,0.99988,69250.46893383
2025-01-22 13:27:00,0.99988,0.99988,0.99986,0.99987,8948.27423804
2025-01-22 13:28:00,0.99986,0.99987,0.99986,0.99987,17270.3093263
2025-01-22 13:29:00,0.99987,0.99991,0.99986,0.99991,245713.8447218
2025-01-22 13:30:00,0.99989,0.99991,0.99988,0.99989,140037.01886817
2025-01-22 13:31:00,0.99989,0.99989,0.99988,0.99988,47080.55212032
2025-01-22 13:32:00,0.99989,0.99989,0.99987,0.99989,600394.2762266
2025-01-22 13:33:00,0.99989,0.99989,0.99987,0.99988,44722.9825073
2025-01-22 13:34:00,0.99987,0.99989,0.99987,0.99988,114351.43365416
2025-01-22 13:35:00,0.99987,0.9999,0.99987,0.9999,80735.08798465
2025-01-22 13:36:00,0.9999,0.99993,0.9999,0.99991,74860.11680108
2025-01-22 13:37:00,0.99992,0.99992,0.99989,0.99991,167429.92673637
2025-01-22 13:38:00,0.99989,1.0,0.99989,0.99998,316607.4384569
2025-01-22 13:39:00,0.99998,0.99999,0.99995,0.99996,185937.89056543
2025-01-22 13:40:00,0.99997,0.99997,0.99993,0.99993,17090.21793551
2025-01-22 13:41:00,0.99994,0.99994,0.99992,0.99992,103892.55540927
2025-01-22 13:42:00,0.99992,0.99993,0.99984,0.99985,386285.20304811
2025-01-22 13:43:00,0.99984,0.99984,0.99982,0.99983,8078.89797093
2025-01-22 13:44:00,0.99983,0.99983,0.99981,0.99981,49890.0385279
2025-01-22 13:45:00,0.99982,0.99982,0.99981,0.99981,6634.22342968
2025-01-22 13:46:00,0.99981,0.99982,0.99981,0.99982,105856.29762629
2025-01-22 13:47:00,0.99983,0.99984,0.99982,0.99983,62800.77061813
2025-01-22 13:48:00,0.99982,0.99986,0.99982,0.99984,568508.33269483
2025-01-22 13:49:00,0.99985,0.99986,0.99984,0.99986,146093.06781569
2025-01-22 13:50:00,0.99986,0.99988,0.99985,0.99987,67286.94693514
2025-01-22 13:51:00,0.99987,0.99992,0.99986,0.99992,113002.38239549
2025-01-22 13:52:00,0.99992,0.99999,0.9999,0.99997,717410.87731828
2025-01-22 13:53:00,0.99998,0.99998,0.99989,0.99989,305981.3974435
2025-01-22 13:54:00,0.99989,0.99989,0.99988,0.99988,1137.38772286
2025-01-22 13:55:00,0.99989,0.99989,0.99986,0.99987,36021.44826182
2025-01-22 13:56:00,0.99986,0.99987,0.99982,0.99986,30576.87564285
2025-01-22 13:57:00,0.99985,0.99986,0.99981,0.99981,17593.12562809
2025-01-22 13:58:00,0.9998,0.99981,0.99978,0.99979,55206.51182521
2025-01-22 13:59:00,0.9998,0.99981,0.9998,0.99981,6582.98681271
2025-01-22 14:00:00,0.9998,0.99981,0.9998,0.9998,7519.59712966
2025-01-22 14:01:00,0.99981,0.99982,0.9998,0.99981,20368.81789797
2025-01-22 14:02:00,0.99982,0.99983,0.99982,0.99983,58804.24408295
2025-01-22 14:03:00,0.99983,0.99983,0.99982,0.99982,14093.76483418
2025-01-22 14:04:00,0.99983,0.99983,0.99982,0.99982,15992.13281267
2025-01-22 14:05:00,0.99983,0.99983,0.99982,0.99983,18575.16684903
2025-01-22 14:06:00,0.99983,0.99983,0.99982,0.99983,28499.50736605
2025-01-22 14:07:00,0.99983,0.99983,0.9998,0.9998,105239.16585742
2025-01-22 14:08:00,0.99981,0.99982,0.99979,0.99979,135390.75431903
2025-01-22 14:09:00,0.99979,0.9998,0.99979,0.9998,75421.62637218
2025-01-22 14:10:00,0.99979,0.9998,0.99978,0.99978,177836.68519656
2025-01-22 14:11:00,0.99979,0.99979,0.99978,0.99978,38946.7566575
2025-01-22 14:12:00,0.99978,0.9998,0.99978,0.99979,23119.51578036
2025-01-22 14:13:00,0.9998,0.9998,0.99979,0.99979,23860.39695897
2025-01-22 14:14:00,0.9998,0.99983,0.9998,0.99982,20269.6377911
2025-01-22 14:15:00,0.99981,0.99982,0.99981,0.99982,9931.91977421
2025-01-22 14:16:00,0.99982,0.99982,0.99979,0.99979,177575.32962459
2025-01-22 14:17:00,0.99979,0.99981,0.99979,0.99981,10171.4524455
2025-01-22 14:18:00,0.9998,0.99982,0.99979,0.99981,57647.22957332
2025-01-22 14:19:00,0.99981,0.99983,0.9998,0.9998,22222.03137716
2025-01-22 14:20:00,0.9998,0.99981,0.9998,0.9998,84811.39485959
2025-01-22 14:21:00,0.9998,0.99981,0.9998,0.99981,93437.30615045
2025-01-22 14:22:00,0.99981,0.99981,0.9998,0.9998,824401.7768983
2025-01-22 14:23:00,0.99979,0.99981,0.99979,0.9998,322563.84706466
2025-01-22 14:24:00,0.99981,0.99981,0.9998,0.99981,5084.99891756
2025-01-22 14:25:00,0.99981,0.99981,0.9998,0.99981,1548.67578021
2025-01-22 14:26:00,0.9998,0.9998,0.99979,0.99979,114179.93288257
2025-01-22 14:27:00,0.99979,0.9998,0.99979,0.99979,62941.95369616
2025-01-22 14:28:00,0.99979,0.9998,0.99979,0.9998,17058.18722311
2025-01-22 14:29:00,0.99979,0.9998,0.99979,0.99979,104989.78268815
2025-01-22 14:30:00,0.99979,0.99981,0.99979,0.9998,91880.17307778
2025-01-22 14:31:00,0.9998,0.99986,0.9998,0.99986,509092.54717034
2025-01-22 14:32:00,0.99986,0.99987,0.99986,0.99987,15433.3911262
2025-01-22 14:33:00,0.99987,0.99989,0.99986,0.99989,61868.55690175
2025-01-22 14:34:00,0.99989,0.9999,0.99988,0.99988,217050.18342947
2025-01-22 14:35:00,0.99989,0.99989,0.99987,0.99989,45547.5492754
2025-01-22 14:36:00,0.99987,0.99989,0.99986,0.99988,261177.6926252
2025-01-22 14:37:00,0.99988,0.99992,0.99988,0.99992,270793.46120077
2025-01-22 14:38:00,0.99991,0.99992,0.99991,0.99992,81577.58062944
2025-01-22 14:39:00,0.99991,0.99992,0.99991,0.99992,11572.9693948
2025-01-22 14:40:00,0.99992,0.99992,0.99987,0.99987,306920.91314753
2025-01-22 14:41:00,0.99987,0.99992,0.99987,0.99988,317593.74948956
2025-01-22 14:42:00,0.99988,0.99989,0.99988,0.99989,28987.27211444
2025-01-22 14:43:00,0.99988,0.99989,0.99988,0.99988,50462.03797986
2025-01-22 14:44:00,0.99988,0.99989,0.99988,0.99988,86644.19983505
2025-01-22 14:45:00,0.99988,0.99989,0.99988,0.99989,241324.9341535
2025-01-22 14:46:00,0.99988,0.99989,0.99988,0.99989,29209.91249508
2025-01-22 14:47:00,0.99988,0.99998,0.99988,0.99998,565285.76713985
2025-01-22 14:48:00,0.99997,0.99998,0.99995,0.99995,172818.25092915
2025-01-22 14:49:00,0.99995,0.99996,0.99993,0.99995,92096.62286132
2025-01-22 14:50:00,0.99995,0.99996,0.99989,0.9999,347965.92719351
2025-01-22 14:51:00,0.9999,0.99991,0.9999,0.9999,36797.43024053
2025-01-22 14:52:00,0.9999,0.99999,0.9999,0.99999,611257.05800206
2025-01-22 14:53:00,0.99999,0.99999,0.99998,0.99998,74094.38832418
2025-01-22 14:54:00,0.99998,0.99999,0.99998,0.99998,55672.32634707
2025-01-22 14:55:00,0.99998,1.0,0.99998,0.99999,264577.08794145
2025-01-22 14:56:00,0.99998,1.0,0.99998,0.99998,134050.505055
2025-01-22 14:57:00,0.99998,0.99999,0.99998,0.99998,52146.97147767
2025-01-22 14:58:00,0.99998,0.99999,0.99998,0.99999,132703.21178998
2025-01-22 14:59:00,0.99999,1.0,0.99999,1.0,2002977.90719535
2025-01-22 15:00:00,1.0,1.00001,1.0,1.00001,265593.42042789
2025-01-22 15:01:00,1.00001,1.00001,1.0,1.0,531416.77303098
2025-01-22 15:02:00,1.00001,1.00003,1.0,1.0,4446851.01099671
2025-01-22 15:03:00,1.00001,1.00001,1.0,1.0,426527.43834452
2025-01-22 15:04:00,1.0,1.00001,1.0,1.0,5935.52557175
2025-01-22 15:05:00,1.00001,1.00001,1.0,1.00001,464440.12188236
2025-01-22 15:06:00,1.00001,1.00002,1.0,1.00002,830720.06554982
2025-01-22 15:07:00,1.00001,1.00001,0.99998,1.0,248607.95540915
2025-01-22 15:08:00,0.99998,0.99999,0.99998,0.99999,61589.08147694
2025-01-22 15:09:00,0.99998,0.99999,0.99998,0.99999,19615.44690583
2025-01-22 15:09:00,0.99998,0.99999,0.99998,0.99999,19615.44690583
